text_reference,title,region,archive,dossier,cdli_no,nabucco_no,museum_no,place,place_information,scribe,period,date_not_after,date_not_before,babyloneian_time,ductus,text_type,content,distinctive_protagonists,bibliography,images,Year
BM 94594,BM 94594,Borsippa,Ilia A,,,,BM 94594,Borsippa,internal,Nabû-mukīn-šumi/[xx],nb,,,[Nbk22-III-10],normal,Manumission,Manumission of a slave in exchange for labour service (brewing) - duplicate of BM 102251,,"Waerzeggers, C., The Ezida Temple of Borsippa. Priesthood, Cult, Archives. Leiden: Nederlands Instituut voor het Nabije Osten, 2010 (= Achaemenid History XV) |",005_BM94594_Obv1.jpg 005_BM94594_Rev1.jpg,583
YOS 17 286,YOS 17 286,Uruk,Eanna,,,,YBC 4049,Gadēti,internal,Ṣillāya/Innin-šumu-uṣur//Kidin-Marduk,achaemenid,,,NbkIV01-V-24,normal,Promissory note,Dates (imittu) outstanding on fields of Bēlet-ša-Uruk,,,YBC%204049%20obv.JPG YBC%204049%20rev.JPG,521
NCBT 524,NCBT 524,Uruk,Eanna,,,,NCBT 524,Uruk,internal,Gimillu/Innin-zēru-iddin,achaemenid,,,Kam02-VII-06,normal,Jurisdiction,Bail protocol,,,NCBT%20524%20obv%20a.JPG NCBT%20524%20LoE.JPG NCBT%20524%20rev%20a.JPG,528
NBC 6125,NBC 6125,Nippur,Bēl-eṭēri-Šamaš,,,,NBC 6125,Nippur,internal,(omitted),nb,,,Cyr[02(?)]-VIa-25,normal,Promissory note,Silver owed to the Ekur temple by Bēl-eṭēri-Šamaš,,"Jursa, M., 2005, „Das Archiv von Bēl-eṭēri-Šamaš“, in: H.D. Baker und M. Jursa, Approaching the Babylonian Economy. Proceedings of the START Project Symposium Held in Vienna, 1-3 July 2004. Veröffentlichungen zur Wirtschaftsgeschichte im 1. Jahrtausend v. Chr. (= AOAT 330), Münster: Ugarit-Verlag, 2005, 197-268. |",NBC%206125%20rev.jpg NBC%206125%20obv.jpg,537
NBC 6126,NBC 6126,Nippur,Bēl-eṭēri-Šamaš,,,,NBC 6126,Nippur,internal,Šamaš-udammiq/Šamaš-ahhē-iddin,achaemenid,,,Cyr06-VII-26,normal,Jurisdiction,Obligation to produce the documentation concerning a loan given by Bēl-eṭēri-Šamaš,,"Jursa, M., 2005, „Das Archiv von Bēl-eṭēri-Šamaš“, in: H.D. Baker und M. Jursa, Approaching the Babylonian Economy. Proceedings of the START Project Symposium Held in Vienna, 1-3 July 2004. Veröffentlichungen zur Wirtschaftsgeschichte im 1. Jahrtausend v. Chr. (= AOAT 330), Münster: Ugarit-Verlag, 2005, 197-268. |",NBC%206126%20obv.jpg NBC%206126%20rev.jpg,533
BIN 1 134,BIN 1 134,Uruk,Eanna,,,,NBC 1185,Uruk,external,n/a,enb,,,Ššu14-II-01,normal,Account text,Epēš nikkassi (sheep),,,NBC%201185%20obv.jpg,655
BM 114791,BM 114791,Sippar,Ebabbar,,,,BM 114791,n/a,internal,n/a,nb,605,612,(Nabopolassar),normal,List,Barley distributed (partly as rations) to plough teams and temple personnel,,Da Riva 2002: 73-74 |,IMG_0306.JPG IMG_0307.JPG IMG_0311.JPG IMG_0315.JPG,612
AD -95C,AD -95C,Babylon,Esangila,Astronomical Diaries,,,BM 45712,Babylon,external,,peri_parthian,,96,SE 216,normal,Astronomical Diary,Elusive events concerning the king of Armenia,,,CIMG3767.JPG CIMG3724.JPG,
NBC 6230,NBC 6230,Sippar,Maštuk (Ardia),,,,NBC 6230,,internal,[x]-bullissu/Hašdāya,achaemenid,516,521,Darxx-10-06,normal,Receipt,"Concerning ginnu-silver, gold, a slave and household items",,,NBC%206230%20rev.JPG NBC%206230%20obv.JPG,519
NCBT 0332,NCBT 0332,Uruk,Eanna,,,,NCBT 332,Uruk,external,n/a,nb,,,Nbk22-XI-15,normal,Account text,Withdrawal of dates for offerings,,,NCBT%20332%20obv.JPG,582
BRM 2 19,BRM 2 19,Uruk,Rēš,Lābâši/Anu-zēru-iddin//Ekur-zākir,,,MLC 2119,Uruk,internal,Nidinti-Anu/Anu-uballiṭ//Sîn-leqe-unnīnnī,peri_seleukid,,,SE 71-II-02,normal,Sale of a prebend,Sale of shares in ērib bītūtu-prebend,,Corò 2005: 158-160 |,MLC_2119_rev.jpg MLC_2119_obv.jpg,241
GC 1 129,GC 1 129,Uruk,Eanna,,,,GCBC 52,Uruk,external,n/a,nb,,,Nbk37-VIII-29,normal,Account text,Beer for smiths,,,GCBC%2052%20obv%20a.JPG,568
YOS 6 52,YOS 6 52,Uruk,Eanna,,,,YBC 3788,Babylon,internal,Šamaš-ahu-iddin/Nabû-mukīn-apli,nb,,,Nbn03-VI-20,normal,Promissory note,Silver owed to the temple in the context of long-distance trading,,,YBC%203788%20obv%20c.JPG,553
BE 10 82,BE 10 82,Nippur,Murašû,,,,CBS 5138,Nippur,internal,Ninurta-abu-uṣur/Enlil-šumu-iddin,achaemenid,,,DarII04-III-21,normal,Receipt,Barley and additional deliveries paid as rent (sūtu) by Rēmūt-Ninurta,,,CBS_05138_001.jpg CBS_05138_002.jpg,420
BRM 2 15,BRM 2 15,Uruk,Rēš,Lābâši/Anu-zēru-iddin//Ekur-zākir,,,MLC 2115,Uruk,internal,Anu-uballiṭ/Itti-Anu-nuhšu//Sîn-leqe-unnīnnī,peri_seleukid,,,SE 56-IV-20,normal,Sale of a prebend,Sale of shares in gerseqqûtu-prebend,,Corò 2005: 192-193 |,MLC_2115_rev.JPG MLC_2115_obv.JPG,256
AD -132B,AD -132B,Babylon,Esangila,Astronomical Diaries,,,BM 35070,Babylon,external,,peri_parthian,,133,SE 179,normal,Astronomical Diary,"""Prophet text"": Unrest in Babylon",,Van der Spek 2014 |,AD%20-132B%20%3D%20BM%2035070%20o.JPG AD%20-132B%20%3D%20BM%2035070%20rB.JPG AD%20-132B%20_BM%2035070%20o.JPG AD%20-132B%20_BM%2035070rB.JPG,
JCS 36 8,JCS 36 8,Uruk,Eanna,,,,YBC 3955,Uruk,internal,Marduk-šumu-uṣur/Nergal-nāṣir//Damqi-Addu,enb,,,Kan06-X-27,normal,Sale of fields and orchards,Three fallow fields sold to Eanna,,,YBC%203955%20obv.jpg YBC%203955%20rev.jpg,642
BRM 2 13,BRM 2 13,Uruk,Rēš,Lābâši/Anu-zēru-iddin//Ekur-zākir,,,MLC 2113,Uruk,internal,Anu-uballiṭ/Itti-Anu-nuhšu//Sîn-leqe-unnīnnī,peri_seleukid,,,SE 49-IX-21,normal,Sale of a prebend,Sale of shares in rab banûtu-prebend,,Corò 2005: 240-241 |,MLC_2113_rev.jpg MLC_2113_obv.jpg,263
BE 9 26,BE 9 26,Nippur,Murašû,,,,CBS 5328,omitted,external,Enlil-uballiṭ/Zēr-kitti-līšir,achaemenid,,,Art31-III-30,normal,Rental agreement (fields/orchards),"Lease of fields and working equipment (oxen, ploughs, seed)",,,CBS_05328_001.jpg CBS_05328_007.jpg,434
BRM 2 11,BRM 2 11,Uruk,Rēš,Lābâši/Anu-zēru-iddin//Ekur-zākir,,,MLC 2111,Uruk,internal,Anu-uballiṭ/Itti-Anu-nuhšu//Sîn-leqe-unnīnnī,peri_seleukid,,,SE 44(?)-XIIa-21,normal,Sale of a prebend,Sale of shares in brewer's prebend,,Corò 2005: 271-273 |,MLC_2111_rev.jpg MLC_2111_obv_c.jpg,267
NBC 6133,NBC 6133,Nippur,Bēl-eṭēri-Šamaš,,,,NBC 6133,Nippur,internal,Šūzibšu-Enlil/Nūrēa,achaemenid,,,Cyr06-III-19,normal,Promissory note,Silver owed by Bēl-eṭēri-Šamaš against the pledge of a house,,"Jursa, M., 2005, „Das Archiv von Bēl-eṭēri-Šamaš“, in: H.D. Baker und M. Jursa, Approaching the Babylonian Economy. Proceedings of the START Project Symposium Held in Vienna, 1-3 July 2004. Veröffentlichungen zur Wirtschaftsgeschichte im 1. Jahrtausend v. Chr. (= AOAT 330), Münster: Ugarit-Verlag, 2005, 197-268. |",NBC%206133%20obv.jpg NBC%206133%20rev.jpg NBC%206133%20LoE.jpg,533
NBC 6134,NBC 6134,Sippar,Maštuk (Ardia),,,,NBC 6134,,internal,Habaṣīru/Kabtīya//Nūr-Sîn,achaemenid,,,Dar01-IV-16,normal,Promissory note,U'iltu concerning dates,,,NBC%206134%20obv.JPG NBC%206134%20rev.JPG,521
BM 94614,BM 94614,Borsippa,Ilia A,,,,BM 94614,n/a,internal,n/a,achaemenid,,,Dar01-xx-24,normal,List,Levies of barley for tēlītu-tax,,"Waerzeggers, C., The Ezida Temple of Borsippa. Priesthood, Cult, Archives. Leiden: Nederlands Instituut voor het Nabije Osten, 2010 (= Achaemenid History XV) |",020_BM94614_Obv1.JPG 020_BM94614_Obv2.JPG 020_BM94614_Rev1.JPG 020_BM94614_Rev2.JPG,521
BOR 2 58,BOR 2 58,Sippar,Iššar-tarībi,,,,BM 114813,broken,external,n/e,achaemenid,497,531,(broken),normal,Promissory note,1/2 mina of silver owed to Iššar-tarībi,,,DSC03423.JPG,516
NCBT 564,NCBT 564,Uruk,Eanna,,,,NCBT 564,Uruk,external,n/a,nb,,,[Nbk]36-VI-01,normal,Account text,Honey for eššešu holidays,,,NCBT%20564%20obv%20a.JPG,569
NBC 6138,NBC 6138,Nippur,Bēl-eṭēri-Šamaš,,,,NBC 6138,Nippur,internal,Ninurta-aplu-iddin/Mušēzib-[x],nb,,,Nbn15-I-xx,normal,Promissory note,Silver and sesame owed to Bēl-eṭēri-Šamaš,,"Jursa, M., 2005, „Das Archiv von Bēl-eṭēri-Šamaš“, in: H.D. Baker und M. Jursa, Approaching the Babylonian Economy. Proceedings of the START Project Symposium Held in Vienna, 1-3 July 2004. Veröffentlichungen zur Wirtschaftsgeschichte im 1. Jahrtausend v. Chr. (= AOAT 330), Münster: Ugarit-Verlag, 2005, 197-268. |",NBC%206138%20obv.jpg NBC%206138%20rev.jpg,541
NBC 6240,NBC 6240,Sippar,Maštuk (Ardia),,,,NBC 6240,,internal,Nabû-balassu-iqbi/Bēl-ušallim/Rē'i-sīsê,achaemenid,,,Dar05-II-26,normal,,sale of a slave,,,NBC%206240%20obv%20b.JPG NBC%206240%20rev%20a.JPG NBC%206240%20rev%20c.JPG,517
BM 50404,BM 50404,Sippar,Ebabbar,,,,BM 50404,,external,n/a,nb,,,Npl15-II-04,normal,List,"Barley (imittu, šibšu) due from ploughman",,Da Riva 2002: 103 |,IMG_0053.JPG IMG_0054.JPG,611
BM 42383,BM 42383,Sippar,Bēl-rēmanni,,,,BM 42383,Babylon,internal,Bēl-uballiṭ/Nabû-ēṭir-napšāti//Itinnu,achaemenid,,,Dar26-V-07,normal,Promissory note,"86 kurru of dates, rations (kurummatu), owed by Bēl-rēmanni",,,2015-03-02%2011.08.39.jpg 2015-03-02%2011.10.58.jpg,496
BM 79103,BM 79103,Sippar,Bēl-rēmanni,,,,BM 79103 (duplicate: BM 42555),,internal,Nergal-ēṭir/Lābâši//Nannûtu,achaemenid,,,Dar22-XIIb-07,normal,Promissory note,65 kurru of dates plus interest - duplicate to BM 42555,,,20150304_115237.jpg 20150304_115240.jpg 20150304_115243.jpg 20150304_115355.jpg 20150304_115357.jpg 20150304_115412.jpg,499
GC 1 112,GC 1 112,Uruk,Eanna,,,,GCBC 51,Uruk,external,n/a,nb,,,Nbk37-VI-26,normal,Account text,Sale of duck carcasses,,,GCBC%2051%20obv%20a.JPG,568
GC 1 111,GC 1 111,Uruk,Eanna,,,,GCBC 62,Uruk,external,n/a,nb,,,Nbk22-XII-11,normal,Account text,Dates given as travel ration instead of flour,,,GCBC%2062%20obv%20b.JPG,583
NCBT 754,NCBT 754,Uruk,Eanna,,,,NCBT 754,Uruk,external,n/a,nb,,,Nbk04-XI-07,normal,Account text,Iron tools sent to Larsa for canal digging,,,NCBT%20754%20obv.JPG,600
NCBT 873,NCBT 873,Uruk,Eanna,,,,NCBT 873,Uruk,internal,Šumāya/Ibni-Ištar//Ašlāku,nb,,,Nbk43-IV-21,normal,Promissory note,Income accruing to Eanna for the 'loan' of a female donkey,,,NCBT%20873%20obv.JPG,562
BM 50509,BM 50509,Sippar,Ebabbar,,,,BM 50509,,external,n/a,nb,,606,Npl20,normal,Account text,"List of loans/debts, mainly barley and emmer hides over a period of ca. 20 years; Sammeltafel",,Da Riva 2002: 34-35 |,IMG_0085.JPG IMG_0091.JPG IMG_0106.JPG,606
YBC 3406,YBC 3406,Uruk,Eanna,,,,YBC 3406,Uruk,external,n/a,nb,,,Ner02,normal,Account text,Tax income in kind (various grains),,,YBC%203506%20obv.JPG YBC%203506%20UE.JPG,558
YOS 6 64,YOS 6 64,Uruk,Eanna,,,,YBC 3762,Uruk,internal,Nādinu/Bēl-ahhē-iqīša//Egibi,nb,,,Nbn04-XII-10,normal,Jurisdiction,Bail protocoll (Gestellungsbürgschaft),,,YBC%203762%20rev.JPG,551
YOS 7 129,YOS 7 129,Uruk,Eanna,,,,YBC 3784,Uruk,internal,Šamaš-mukīn-apli/Nādin//Egibi,achaemenid,,,Cam03-III-11,normal,Promissory note,Vats of beer to be delivered,,,YBC%203784%20obv.JPG,527
BCHP 18,BCHP 18,Babylon,Esangila,BCHP,,,BM 35229+ and BM 35189+,Babylon,external,Bagayāša,peri_parthian,,138,,normal,Chronicle,"Historical document concerning Bagayāša, the brother of the Parthian king",,,BCHP%2018A%20%3D%20BM%2035229%20oB2.JPG BCHP%2018A%20%3D%20BM%2035229%20oT.JPG BCHP%2018B%20%3D%20BM%2035189%20oB.JPG BCHP%2018B%20%3D%20BM%2035189%20oTL.JPG BCHP%2018B_BM%2035189oB.JPG BCHP%2018B_BM%2035189oM.JPG BCHP%2018A_BM%2035229oT.JPG BCHP%2018A_BM%2035229oB2.JPG,
BCHP 17,BCHP 17,Babylon,Esangila,BCHP,,,BM 47737,Babylon,external,,peri_seleukid,,222,SE 90,normal,Chronicle,Judicial proceedings (theft of temple property),,,BCHP%2017_BM%2047737o.JPG BCHP%2017_BM%2047737r.JPG,
YOS 21 203,YOS 21 203,Uruk,Eanna,,,,YBC 11646,Dūr-Ugumu,internal,Šamaš-mukīn-apli/Balāṭu//Dābibī,achaemenid,,,Dar04-IV-06,normal,Receipt,Partial payment of field rent (sūtu) in barley,,,YBC%2011646%20rev.jpg,518
YOS 21 204,YOS 21 204,Uruk,Eanna,,,,NBC 8401,Uruk,internal,,achaemenid,,,Dar24,normal,Promissory note,for barley,,,NBC%208401%20obv.jpg NBC%208401%20rev.jpg,498
BCHP 14,BCHP 14,Babylon,Esangila,BCHP,,,BM 33870,Babylon,external,,peri_seleukid,,163,SE 149,normal,Chronicle,Settling of a Greek community in Babylonia,,,BCHP%2014_BM%2033870o.JPG,
YOS 21 206,YOS 21 206,Uruk,Eanna,,,,NCBT 506,,internal,Ṣillaja/Innin-šumu-uṣur/Kidin-ili,achaemenid,,,NbkIV01,normal,,imittu-u'iltu-debt note concernig dates,,,NCBT%20506%20obv.JPG NCBT%20506%20rev.JPG,521
BM 42356+,BM 42356+,Sippar,Bēl-rēmanni,,,,BM 42356+43115+43251+43497+43562+43626+43697,,internal,Bēl-ahu-ittannu/[x]//Iššakku,achaemenid,,,Dar30-xx-08,normal,Receipt,Repayment of a debt in barley by Bēl-rēmanni,,,DSC_0063.JPG DSC_0062.JPG,492
BCHP 11,BCHP 11,Babylon,Esangila,BCHP,,,BM 34428,Babylon,external,,peri_seleukid,,245,,normal,Chronicle,Invasion of Babylonia by Ptolemy III,,Clancier 2012 |,BCHP%2011_BM%2034428o.JPG BCHP%2011_BM%2034428r.JPG,
YOS 21 209,YOS 21 209,Uruk,Eanna,,,,NCBT 369,Kapru-ša-Nāqidāti,internal,,achaemenid,,,NbkIV01,normal,,23 kusiše-objects bought for GIŠ.šiddatu,,,NCBT%20369%20obv.JPG NCBT%20369%20rev.JPG,521
NCBT 0085,NCBT 0085,Uruk,Eanna,,,,NCBT 85,Uruk,external,n/a,nb,,,Nbk23-II-18,normal,Account text,Birds hadn over to a fattener,,,NCBT%2085%20obv%20a.JPG,582
YOS 19 80,YOS 19 80,Nippur,Bēl-eṭēri-Šamaš,,,,NBC 8377,broken,external,Taqīš-Gula/Itti-Šamaš-balāṭu,nb,,,Nbn16-I-04,normal,Promissory note,Barley (imittu) owed to Bēl-eṭēri-Šamaš,,"Jursa, M., 2005, „Das Archiv von Bēl-eṭēri-Šamaš“, in: H.D. Baker und M. Jursa, Approaching the Babylonian Economy. Proceedings of the START Project Symposium Held in Vienna, 1-3 July 2004. Veröffentlichungen zur Wirtschaftsgeschichte im 1. Jahrtausend v. Chr. (= AOAT 330), Münster: Ugarit-Verlag, 2005, 197-268. |",NBC%208377%20obv%20a.JPG NBC%208377%20obv%20b.JPG NBC%208377%20obv%20c.JPG NBC%208377%20rev%20a.JPG NBC%208377%20rev%20b.JPG,540
YOS 19 38,YOS 19 38,Nippur,Bēl-eṭēri-Šamaš,,,,NBC 6119,Nippur,internal,Enlil-tabni-uṣur/Gimil-Ninurta,nb,,,Nbn15-XII-25,normal,Promissory note,Barley owed by a tenant on crown land managed by Bēl-eṭēri-Šamaš,,"Jursa, M., 2005, „Das Archiv von Bēl-eṭēri-Šamaš“, in: H.D. Baker und M. Jursa, Approaching the Babylonian Economy. Proceedings of the START Project Symposium Held in Vienna, 1-3 July 2004. Veröffentlichungen zur Wirtschaftsgeschichte im 1. Jahrtausend v. Chr. (= AOAT 330), Münster: Ugarit-Verlag, 2005, 197-268. |",NBC%206119%20obv.JPG NBC%206119%20rev.jpg,540
BM 42371,BM 42371,Sippar,Bēl-rēmanni,,,,BM 42371,,internal,Bēl-rēmanni/Mušebši-Marduk//Šangû-Šamaš,achaemenid,,,Dar23-VI-27,normal,Rental agreement (fields/orchards),very fragmentary; agreement concerning gardens associated with the rab banê-prebend,,,2015-03-02%2011.02.58.jpg 2015-03-02%2011.05.12.jpg,499
BM 26498,BM 26498,Borsippa,Ilia A,,,,BM 26498,Borsippa,internal,Nabû-šumu-ukīn/Šamaš-šumu-līšir//Esangil-mansum,nb,,,Nbn02-XII-xx,normal,Inheritance contract,"Divison of inheritance: prebends, real estate",,"Waerzeggers, C., The Ezida Temple of Borsippa. Priesthood, Cult, Archives. Leiden: Nederlands Instituut voor het Nabije Osten, 2010 (= Achaemenid History XV) |",007_BM26498_Obv1.JPG 007_BM26498_Rev1.JPG,553
BM 64240,BM 64240,Sippar,Iššar-tarībi,,,,BM 64240,,internal,Marduka/Eppēš-ilī,achaemenid,,,Dar10-II-18,normal,Slave sale,Purchase of a slave by Iššar-tarībi,,"Jursa, Weszeli ZA 90 |",DSC03690.JPG DSC03692.JPG,512
NBC 6182,NBC 6182,Sippar,Maštuk (Ardia),,,,NBC 6182,,internal,Nergal-ušallim/Nādin/Maštuk,achaemenid,,,Cyr05-XII-10,normal,Promissory note,U'iltu concerning silver,,,NBC%206182%20rev%20c.JPG NBC%206182%20rev%20a.JPG,533
NBC 6199,NBC 6199,Sippar,Maštuk (Ardia),,,,NBC 6199,Bāb-Nār-Šamaš,internal,Nā’id-Bēl/Ša-nāšišû,achaemenid,,,Dar04-IV-24,normal,Receipt,Sahlû (cress) received,,,NBC%206199%20obv%20a.JPG NBC%206199%20obv%20b.JPG NBC%206199%20rev%20b.JPG,518
AD -171B,AD -171B,Babylon,Esangila,Astronomical Diaries,,,BM 40119,Babylon,external,,peri_seleukid,,172,SE 143,normal,Astronomical Diary,Cult acts (sacrifices),,,AD%20-171B.jpg,
NCBT 558,NCBT 558,Uruk,Eanna,,,,NCBT 558,Uruk,external,n/aHabaṣīru,achaemenid,,,Dar19-XI-17,normal,Letter,Letter order concerning an allottment of dates,,,NCBT%20558%20obv.JPG,502
YOS 20 24,YOS 20 24,Uruk,Rēš,Lābâši/Anu-zēru-iddin//Ekur-zakir,,,NCBT 1938,Uruk,internal,n/e,peri_seleukid,235,274,SE,normal,Sale of a prebend,Sale of shares in a tābihūtu- prebend,,,NCBT_1938_obv_b.jpg NCBT_1938_obv_c.jpg NCBT_1938_obv_a.jpg,255
YOS 21 210,YOS 21 210,Uruk,Eanna,,,,NCBT 858,n/a,internal,,achaemenid,,,NbkIV01,normal,Promissory note,rental payment of dates (imittu-u'iltu),,,NCBT%20858%20rev.jpg,521
YOS 21 211,YOS 21 211,Nippur,Eanna,,,,NCBT 662,Nâru-eššu,internal,n/a,achaemenid,,,NbkIV01,normal,,concerning dates,,,NCBT%20662%20obv%20b.JPG NCBT%20662%20obv%20d.JPG,521
YOS 21 212,YOS 21 212,,,,,,,,internal,,,,,,normal,,,,,NCBT%20214%20obv%20a.JPG NCBT%20214%20rev%20b.JPG,
YOS 21 213,YOS 21 213,Uruk,Eanna,,,,YBC 3758,Bitqa ša Bēl-ētir šīhu ša Bēlet-ša-Uruk,external,,achaemenid,,,NbkIV01,normal,,rental payment of dates,,,YBC%203758%20obv.JPG YBC%203758%20rev.JPG,521
NCBT 535,NCBT 535,Uruk,Eanna,,,,NCBT 535,Kār-Nanāya šīhu ša Bēltu-ša-Uruk,external,Gimillu/Inanna-zēru-iddin,nb,,,Nbn17-V-05?,normal,Jurisdiction,Witnessed statement concerning shipments of barley to Babylon for sacrifices,,,NCBT%20535%20obv.JPG,539
YBC 3527,YBC 3527,Larsa,Itti-Šamaš-balāṭu,,,,YBC 3527,Larsa,internal,Šamaš-mukīn-apli/Taqīš-Gula,nb,,,Nbk39.IX.25,normal,Rental agreement (fields/orchards),Contract to cultivate land,,,YBC%203527%20LoE.JPG YBC%203527%20obv.JPG,566
YOS 19 76,YOS 19 76,Uruk,Eanna,,,,NCBT 538,Uruk eqlu ša Bēlti ša Uruk ša ina muhhi nāru bitqu,external,Innin-šumu-uṣur/Nergal-ušēzib//Kidin-MardukŠumu-ukīn/Bēl-zēri/Basiya,nb,,,Nnb05-VI-27,normal,Promissory note,"Dates owed to Šumu-ukīn, who manages fields of Bēltu-ša-Uruk and Nanāya",,,NCBT%20538%20obv%20b.JPG,551
AD -266A,AD -266A,Babylon,Esangila,Astronomical Diaries,,,BM 32614,Babylon,external,,peri_seleukid,,267,SE 45,normal,Astronomical Diary,Temple renovations,,,AD%20-266A.jpg,
NBC 6136,NBC 6136,Sippar,Maštuk (Ardia),,,,NBC 6136,,internal,Bēl-rēmanni/Mušebši-marduk//Šangû-Šamaš,achaemenid,,,Dar03-VII-23,normal,Promissory note,U'iltu concerning dates,,,NBC%206136%20rev.JPG,519
BM 42365,BM 42365,Sippar,Bēl-rēmanni,,,,BM 42365,,internal,Bēl-nāṣir/Nabû-ikṣur//Rē’i-sisê,achaemenid,,,Dar34I-03,normal,Work contract,Share in brewer's prebend in Ebabbar ana ēpišāni,,,2015-03-02%2010.47.40.jpg 2015-03-02%2010.45.41.jpg 2015-03-02%2010.46.21.jpg,489
BM 42364,BM 42364,Sippar,Bēl-rēmanni,,,,BM 42364 (duplicate: BM 74560 ),,internal,Bēl-ibni//Gahal,achaemenid,,,Dar26-VII-16,normal,Receipt,Partial repayment of a barley debt owed by Bēl-rēmanni -duplicate. BM 74560,,,2015-03-02%2010.37.00.jpg 2015-03-02%2010.38.21.jpg,496
BM 42363,BM 42363,Sippar,Bēl-rēmanni,,,,BM 42363,,internal,Iddināya/[x],achaemenid,,,Dar30-IV-xx,normal,Work contract,Shares in the brewer's prebend in the Ebabbar ana ēpišāni,,,2015-03-02%2010.30.12.jpg,492
NBC 4755 a,NBC 4755 a,Nippur,Bēl-eṭēri-Šamaš,,,,NBC 4755a,broken,external,n/e,,555,529,(broken),normal,Receipt,Very fragmetnary; acquisition of a haṣbattu-vessel by Bēl-eṭēri-Šamaš,,"Jursa, M., 2005, „Das Archiv von Bēl-eṭēri-Šamaš“, in: H.D. Baker und M. Jursa, Approaching the Babylonian Economy. Proceedings of the START Project Symposium Held in Vienna, 1-3 July 2004. Veröffentlichungen zur Wirtschaftsgeschichte im 1. Jahrtausend v. Chr. (= AOAT 330), Münster: Ugarit-Verlag, 2005, 197-268. |",NBC%204755A%20obv.JPG NBC%204755A%20rev.jpg,539
YBC 4047,YBC 4047,Uruk,Eanna,,,,YBC 4047,Uruk,internal,Nabû-nāṣir/Ibni-Ištar,enb,,,Kan14-V-01,normal,Promissory note,Loan of gold given out by the Eanna temple,,,YBC%204047%20obv.jpg YBC%204047%20rev.jpg,635
BM 74460,BM 74460,Sippar,Iššar-tarībi,,,,BM 74460,,internal,Itti-Nabû-balāṭu/Šamaš-napšāti-uṣur//Nūr-Papsukkal,achaemenid,,,Cam02-V-06,normal,Promissory note,Debt of six shekel of silver to Iššar-tarībi,,,DSC03374.JPG DSC03386.JPG DSC03390.JPG,528
BE 9 78,BE 9 78,Nippur,Murašû,,,,CBS 5312,Nippur,internal,Arad-Ninurta/Upahhir-Enlil,achaemenid,,,Art40-VIII-29,normal,Promissory note,Barley owed to Rēmūt-Ninurta//Murašû,,,CBS_05312_001.jpg CBS_05312_005.jpg,425
YOS 21 199,YOS 21 199,Uruk,Eanna,,,,YBC 3841,n/a,internal,Ṣillāya/Innin-šumu-uṣur//Kidin-Marduk,achaemenid,,,Dar02-III-10,normal,Jurisdiction,Deposition before witnesses (mār-banê) concerning the possible theft of a garment,,,YBC%203841%20obv.JPG YBC%203841%20rev.JPG,520
YOS 19 279,YOS 19 279,Uruk,Eanna,,,,NBC 4568,Uruk,external,n/a,nb,,,Nbn-03-II-03,normal,Account text,Sacks for transporting barley at disposal of PN,,,NBC%204568%20obv%20a.JPG,553
YOS 17 300,YOS 17 300,Uruk,Eanna,,,,YBC 4025,n/a,internal,n/a,achaemenid,,,NbkIV01,normal,Account text,Sammeltafel; Dates outstanding (imittu) on fields of Bēlet-ša-Uruk and Nanaya,,,YBC%204025%20obv.JPG,521
YOS 17 302,YOS 17 302,Uruk,Eanna,,,,YBC 3792,Uruk,internal,Pir’u/Eanna-šumu-ibni,peri_parthian,,,NbkIV01-VII-16,normal,Lease contract,Rental of a boat by Eanna,,,YBC%203792%20obv.JPG,521
BM 42572,BM 42572,Sippar,Bēl-rēmanni,,,,BM 42572,,internal,Šamaš-kāṣir/Nabû-mukīn-apli//Isinnāya,achaemenid,,,Dar04-I-22,normal,Work contract,Baker's prebend given ana ēpišāni,,,2015-03-03%2011.25.26.jpg 2015-03-03%2011.26.41.jpg,518
BM 42571,BM 42571,Sippar,Bēl-rēmanni,,,,BM 42571+BM 43256 (duplicate: 42415),,internal,Nidintu/Nabû-ēṭir-napšāti//Iššakku,achaemenid,,,Dar11-I-30,normal,Jurisdiction,Oath of promise to repay of dates owed by Bēl-rēmanni - duplicate: BM 42415,,,2015-03-03%2011.20.29.jpg 2015-03-03%2011.20.41.jpg 2015-03-03%2011.21.02.jpg 2015-03-03%2011.22.37.jpg 2015-03-03%2011.20.56.jpg,511
BM 74483,BM 74483,Sippar,Iššar-tarībi,,,,BM 74483,,internal,Šamaš-ahu-iddin/Lābâši/Mušēzib,achaemenid,,,Cam01-XI-15,normal,Business contract (harrānu),Termination of a harrānu agreement,,,DSC_0008.JPG DSC_0010.JPG DSC_0014.JPG DSC_0015.JPG,528
YBC 3530,YBC 3530,Uruk,Eanna,,,,YBC 3530,Uruk,external,n/a,nb,,568,Nbk37 (or later),normal,Account text,List of substanial amounts of barley and silver outstanding,,,YBC%203530%20obv.JPG YBC%203530%20rev.JPG,568
PTS 2253,PTS 2253,Uruk,Eanna,,,,PTS 2253,Uruk,external,Nādinu/Bēl-ahhē-iqīša//Egibi,nb,526,553,,normal,Royal inscription (Copy),Donation of an offering table by Aššur-eṭel-ilāni,,,IMG_3068.JPG,539
NBC 6169,NBC 6169,Sippar,Maštuk (Ardia),,,,NBC 6169,,internal,Nergal-ušallim/Iddin-Bēl/Sîn-karābi-išme,achaemenid,,,Dar04-VIII-03,normal,Promissory note,U'iltu concerning silver,,,NBC%206169%20obv.JPG NBC%206169%20rev.JPG,518
BM 74457,BM 74457,Sippar,Iššar-tarībi,,,,BM 74457,,internal,Bēl-kāsir/Nabû-kešir//Etel-pî,achaemenid,,,Cam07-VIII-26,normal,Sales contract (movable goods),Acquisition of a donkey by Iššar-tarībi,,"Weszeli, WZKM 86 (1996), Text 2 |",DSC03444.JPG DSC03445.JPG,523
YOS 17 200,YOS 17 200,Uruk,Eanna,,,,NBC 4788,Uruk,external,n/a,nb,,,Nbk03-II-22,normal,Account text,Silver to craftsman (ana batqi),,,NBC%204788%20obv.JPG,583
YOS 19 61,YOS 19 61,Nippur,Bēl-eṭēri-Šamaš,,,,NBC 6179,Nippur,internal,n/a,nb,,,Nbn16-I-30,normal,Receipt,Sale of dates for silver by Bēl-eṭēri-Šamaš,,"Jursa, M., 2005, „Das Archiv von Bēl-eṭēri-Šamaš“, in: H.D. Baker und M. Jursa, Approaching the Babylonian Economy. Proceedings of the START Project Symposium Held in Vienna, 1-3 July 2004. Veröffentlichungen zur Wirtschaftsgeschichte im 1. Jahrtausend v. Chr. (= AOAT 330), Münster: Ugarit-Verlag, 2005, 197-268. |",NBC%206179%20obv.jpg NBC%206179%20rev.jpg NBC%206179%20UE.jpg,540
BM 42353,BM 42353,Sippar,Bēl-rēmanni,,,,BM 42353,Babylon,internal,Bēl-iddin/Iddin-Nabû//Bā’iru,achaemenid,,,Dar26-V-07,normal,,"86 kurru of dates, rations (kurummatu) for workers, owed by Bēl-rēmanni",,,DSC_0061.JPG DSC_0060.JPG,496
YOS 7 49,YOS 7 49,Uruk,Eanna,,,,YBC 3769,Uruk,internal,Šamaš-mukīn-apli/Nādin,achaemenid,,,Cyr04-IX-07,normal,,PN is to produce documents that prove payment,,,YBC%203769%20obv.JPG,535
AOAT 358 52,AOAT 358 52,Uruk,Eanna,,,,NCBT 1177,Uruk,external,,enb,,,Kan09-IV-02,normal,Promissory note,Wool owed to Eanna,,"Kleber, AOAT 358: 52 (Text 2) |",NCBT%201177%20obv.jpg,639
YOS 21 201,YOS 21 201,Uruk,Eanna,,,,NCBT 679,Kapru,internal,Šamaš-udammiqHabaṣīru,achaemenid,,,Dar19-XII-xx,normal,Jurisdiction,Witnessed statement concerning theft of dates,,,NCBT%20679%20rev%20b.JPG,503
BRM 1 23,BRM 1 23,Uruk,Morgan' Archive,,,,MLC 1804,Uruk?,external,n/a,enb,,,interregnum?,normal,Account text,Dates (partly imittu) belonging to Nanāya in the storerooms (bīt qarâte),,,MLC%201806%20obv.jpg MLC%201806%20rev.jpg MLC%201806%20UE.jpg,
YOS 19 098,YOS 19 098,Uruk,Eanna,,,,NBC 4515,Uruk,internal,Mušēzib-Marduk/Bēl-uballiṭ//Amēl-Ea,nb,,,Nbn08-II-26,normal,Jurisdiction,"Conditional verdict concerning receipt of silver, gold or precious stones",,,NBC%204515%20obv%20a.JPG,548
BM 42567,BM 42567,Sippar,Bēl-rēmanni,,,,BM 42567,,external,Bēl-rēmanni/Mušebši-Marduk//Šangû-Šamaš,achaemenid,,,Xer0a-xx-24,normal,Receipt,6 kurru dates (imittu),,,2015-03-03%2010.26.38.jpg 2015-03-03%2010.26.56.jpg,485
BM 42563,BM 42563,Sippar,Bēl-rēmanni,,,,BM 42563,,internal,Bēl-rēmanni/Mušebši-Marduk//Šangû-Šamaš,achaemenid,,,Cam06-XII-29,normal,Promissory note,22 kurru of dates owed by Bēl-rēmanni,,,2015-03-03%2010.23.18.jpg 2015-03-03%2010.23.39.jpg,523
NCBT 0211,NCBT 0211,Uruk,Eanna,,,,NCBT 211,Uruk,external,n/a,nb,,,Nbk32-X-26,normal,Account text,Issues of barley,,,NCBT%20211%20obv%20d.JPG,572
BM 82613,BM 82613,Borsippa,Ilia A,,,,BM 82613,n/a,internal,n/a,achaemenid,,,Dar12,normal,List,"Distribution of barley of the levy (tēlītu) of PNs, i.a. Ardiya",,"Waerzeggers, C., The Ezida Temple of Borsippa. Priesthood, Cult, Archives. Leiden: Nederlands Instituut voor het Nabije Osten, 2010 (= Achaemenid History XV) |",028_BM82613_Obv1.JPG 028_BM82613_Rev1.JPG,510
NBC 6172,NBC 6172,Sippar,Maštuk (Ardia),,,,NBC 6172,,internal,Bēl-iddin/Balāṭu,achaemenid,,,Cam02-IX-20,normal,Receipt,Concerning dates (ešrû),,,NBC%206172%20obv.JPG NBC%206172%20rev.JPG,528
NBC 6173,NBC 6173,Sippar,Maštuk (Ardia),,,,NBC 6173,,internal,Nidintu/Nabû-ēṭer-napšāti//Nabû-[x],achaemenid,,,Dar03-V-07,normal,Lease contract,Lease of a house on the Nār-mašenni,,,NBC%206173%20obv.JPG,519
BE 10 9,BE 10 9,Nippur,Murašû,,,,CBS 5267,Nippur,internal,Šulāya/Ninurta-nāṣir,achaemenid,,,DarII01-I-16,normal,,Enlil-šumu-iddin//Murašû pays compensation in order to avoid further process,,,CBS_05267_001.jpg CBS_05267_007.jpg,423
NBC 6175,NBC 6175,Sippar,Maštuk (Ardia),,,,NBC 6175,Āl-Šamaš,internal,Mušēzib-Marduk/Nabû-mukīn-apli//Arad-Nergal,achaemenid,516,528,[xx]05-VIII-xx,normal,Promissory note,U'iltu concerning dates,,,NBC%206175%20obv.JPG NBC%206175%20rev.JPG,522
BRM 1 15,BRM 1 15,Uruk,Morgan' Archive,,,,MLC 1798,Uruk?,external,n/a,enb,,,Nabû-nāṣir08-XII-04,normal,Account text,Transport of barley to Babylon,,,MLC%201798%20obv.jpg MLC%201798%20rev.jpg,740
NCBT 540,NCBT 540,Uruk,Eanna,,,,NCBT 540,Uruk,internal,Pir’u/Eanna-šumu-ibni,achaemenid,,,Cyr06-XI-08,normal,Jurisdiction,Witnessed statement: oath to produce documentation concerning a debt,,Janković Diss: 195 |,NCBT%20540%20obv%20a.JPG NCBT%20540%20rev%20b.JPG,532
BM 78171,BM 78171,Sippar,Ebabbar,,,,BM 78171,n/a,internal,n/a,enb,,,Sîn-šar-iškun02(?)-I,normal,Account text,Inspection of sheep of 12 herdsmen,,Da Riva 2002: 219-200 |,IMG_0743.JPG IMG_0746.JPG IMG_0755.JPG,625
BRM 1 12,BRM 1 12,Uruk,Morgan' Archive,,,,MLC 1795,Uruk?,external,n/a,enb,,,Nabû-nāṣir09-VII-12,normal,Account text,Issue of flour to temple dependants (nīšū bīti),,,MLC%201795%20obv.JPG MLC%201795%20rev.JPG,739
YBC 11476,YBC 11476,Uruk,Eanna,,,,YBC 11476,Uruk,external,n/a,enb,,,Kan19-VI2-09,normal,Account text,Sheep and goats at disposal of a shepherd,,,YBC%2011476%20obv.jpg,629
YOS 21 200,YOS 21 200,Uruk,Eanna,,,,NBC 8375,Uruk,internal,Itti-[x]//Dābibī,achaemenid,,,Dar04-IX-26,normal,Jurisdiction,Indictment of a temple serf to hand over his sister to the šatammu,,,NBC%208375%20obv.jpg,518
YBC 3504,YBC 3504,Uruk,Eanna,,,,YBC 3504,Uruk,external,n/a,nb,,562,Nbk43 (?),normal,Promissory note,Sizeable amount of wool outstanding; pledged children to be handed over to Eanna. Unusual tablet format.,,,YBC%203504%20LoE%20b.JPG YBC%203504%20obv.JPG,562
BM 87228,BM 87228,Babylon,Esangila,,,,BM 87728,(Babylon),external,[x]/Nabû-ittannu,achaemenid,,,ArtII35-IV-16,normal,Rental agreement (fields/orchards),"Rent of an orchard, property of Bēl, for three years, to two individuals",,"Hackl 2013 (Diss), text 49 |",IMG_5597.JPG IMG_5598.JPG IMG_5602.JPG,370
NBC 4718,NBC 4718,Nippur,Bēl-eṭēri-Šamaš,,,,NBC 4718,Bīt-Qatinnu,internal,Enlil-uballiṭ/Rēmūt-Gula,achaemenid,,,Cyr04-XII-20,normal,Receipt,Bēl-eṭēri-Šamaš pays wage to a hired worker,,"Jursa, M., 2005, „Das Archiv von Bēl-eṭēri-Šamaš“, in: H.D. Baker und M. Jursa, Approaching the Babylonian Economy. Proceedings of the START Project Symposium Held in Vienna, 1-3 July 2004. Veröffentlichungen zur Wirtschaftsgeschichte im 1. Jahrtausend v. Chr. (= AOAT 330), Münster: Ugarit-Verlag, 2005, 197-268. |",NBC%204718%20obv.jpg NBC%204718%20rev.jpg NBC%204718%20UE.jpg,534
BM 42340,BM 42340,Sippar,Bēl-rēmanni,,,,BM 42340,,internal,Balāṭu/Bēl-rēmanni//Sîn-ilī,nb,,,Nbk35-VI-20,normal,Sale of urban real estate,Plot of building ground (kišubbû) with ruined houses,,,DSC_0048.JPG DSC_0041.JPG DSC_0044.JPG DSC_0049.JPG DSC_0053.JPG,570
YOS 21 202,YOS 21 202,Uruk,Eanna,,,,YBC 7437,n/a,internal,n/a,achaemenid,,,Dar29,normal,Account text,Makkasu-dates given to bakers for the preparation of offerings,,,YBC%207437%20obv.jpg YBC%207437%20rev.jpg,493
BM 42412,BM 42412,Sippar,Bēl-rēmanni,,,,BM 42412 (duplicate: BM 42424),n/a,internal,Nabû-ahhē-bulliṭ/Nabû-nāṣir//Nannûtu,achaemenid,,,Dar08-III-11,normal,Work contract,Shares in a brewer's prebend given ana ēpišāni - duplicate of BM 42424,,,2015-03-02%2011.14.19.jpg 2015-03-02%2011.16.27.jpg 2015-03-02%2011.14.46.jpg,514
BM 42556,BM 42556,Sippar,Bēl-rēmanni,,,,BM 42556 (duplicate: BM 42336+),,internal,Bēl-uballiṭ/Nabû-šumu-līšir/Šangû-Ištar-Bābili,achaemenid,,,Dar01-XI-08,normal,Gift,Two minas of silver and two slaves given to Bēl-rēmanni - duplicate of BM 42336+,,,2015-03-03%2010.20.17.jpg 2015-03-03%2010.20.41.jpg,520
BM 42555,BM 42555,Sippar,Bēl-rēmanni,,,,BM 42555 (duplicate: BM 79103),,internal,Nergal-ēṭir/Lābâši//Nannûtu,achaemenid,,,Dar22XIIb-07,normal,Promissory note,65 kurru of dates plus interest - duplicate to BM 79103,,,2015-03-03%2010.14.43.jpg 2015-03-03%2010.16.46.jpg,499
BRM 1 13,BRM 1 13,Uruk,Morgan' Archive,,,,MLC 1796,Uruk?,external,n/a,enb,,,Nabû-nāṣir09-VII-20,normal,Account text,Issue of millet,,,MLC%201796%20obv.jpg,739
YOS 21 205,YOS 21 205,Uruk,Eanna,,,,NBC 4509,Bīt-Šamil,internal,Innin-šumu-uṣur/?,achaemenid,,,Dar01(acc),normal,,Deposition under oath concerning agricultural work,,,NBC%204509%20obv%20a.jpg NBC%204509%20obv%20b.jpg NBC%204509%20rev%20a.jpg NBC%204509%20rev%20b.jpg,521
BM 25625,BM 25625,Borsippa,Ilia A,,,,BM 25625,Borsippa,internal,Nabû-zēru-līšir/Nabû-zēru-iddini//Iddin-Papsukkal,nb,,,Nbn11-IV-23,normal,Inheritance contract,Inheritance of a brewer's prebend in Ezida,,"Waerzeggers, C., The Ezida Temple of Borsippa. Priesthood, Cult, Archives. Leiden: Nederlands Instituut voor het Nabije Osten, 2010 (= Achaemenid History XV) |",008_BM25625_Obv1.JPG 008_BM25625_Rev1.JPG,545
YBC 11390,YBC 11390,Uruk,Eanna,,,,YBC 11390,Uruk,external,Širikti-Marduk/Ibni-Ištar,enb,,,Ššu10-xx-xx,normal,Account text,Gold for cultic ornaments,,,YBC%2011390%20obv.JPG,659
YBC 17067,YBC 17067,Uruk,Eanna,,,,YBC 17067,Uruk,internal,Murānu/Nabû-šūzibanni//Esaggilāya,nb,,,Nbn14-VII-11,normal,Sale of fields and orchards,Concerning a date garden given as dowry,,,YBC%2017067%20rev%20a.JPG YBC%2017067%20obv.JPG,542
YBC 3508,YBC 3508,Uruk,Eanna,,,,YBC 3508,Uruk,internal,[Bēl-zēri?]/Kūnāya//Bā’iru,achaemenid,,,Dar04-IX-22,normal,Jurisdiction,Inquiry concerning the status of a female,,,YBC%203508%20obv.JPG,518
YOS 7 157,YOS 7 157,Uruk,Eanna,,,,YBC 3801,Uruk,internal,Itti-Marduk-balāṭu/Nabû-mukīn-apli//Dabibi,achaemenid,,,Cam03-XI-95,normal,Jurisdiction,Bail protocol in connection with a debt (silver for cattle),,,YBC%203801%20obv.JPG,527
NCBT 1093,NCBT 1093,Uruk,Eanna,,,,NCBT 1093,Uruk,external,n/a,enb,,,Kan20-VII-26,normal,Account text,Iron put at the disposal of a smith,,,NCBT%201093%20obv.jpg,628
YOS 21 208,YOS 21 208,Uruk,Eanna,,,,NCBT 864,n/a,internal,,achaemenid,,,NbkIV01,normal,Lease contract,rental of field,,,NCBT%20864%20obv.JPG NCBT%20864%20rev.JPG,521
GC 1 098,GC 1 098,Uruk,Eanna,,,,GCBC 69,Uruk,external,n/a,nb,,,Nbk36-XIIa-13,normal,Account text,Flour in exchange (šupēltu) for barley and groat,,,GCBC%2069%20obv%20a.JPG,568
BM 102308,BM 102308,Borsippa,Ilia A,,,,BM 102308,Borsippa,internal,Itti-Nabû-balāṭu/Rēmūt-Nabû/Ea-ibni,achaemenid,,,Cam05-VIII-16,normal,Receipt,Prebend-related income (upnātu) in abrley,,"Waerzeggers, C., The Ezida Temple of Borsippa. Priesthood, Cult, Archives. Leiden: Nederlands Instituut voor het Nabije Osten, 2010 (= Achaemenid History XV) |",018_BM102308_Obv1.jpg 018_BM102308_Rev1.jpg,525
YOS 6 100,YOS 6 100,Uruk,Eanna,,,,YBC 3780,Bīt šar Bābili,internal,Šamaš-zēru-iddin/Bēl-ahu-iddin//Mukallim,nb,,,Nbn05-II-26,normal,Slave sale,Gift of a slave woman and her sons,,,YBC%203780%20rev.JPG,551
BM 26569,BM 26569,Borsippa,Ilia A,,,,BM 26569,Borsippa,internal,Nabû-ušallim/Nabû-šumu-[x//xx],nb,,,Cyr03-III-05,normal,Gift,Gift of income rights to shares in kapru-offerings of the brewer's prebend,,"Waerzeggers, C., The Ezida Temple of Borsippa. Priesthood, Cult, Archives. Leiden: Nederlands Instituut voor het Nabije Osten, 2010 (= Achaemenid History XV) |",014_BM26569_Obv1.JPG 014_BM26569_Rev2.JPG 014_BM26569_Rev1.JPG,536
NBC 6116,NBC 6116,Nippur,Bēl-eṭēri-Šamaš,,,,NBC 6116,n/a,internal,n/a,,550,239,n/d,normal,List,Administrative note concerning the sale of dates by Bēl-eṭēri-Šamaš,,"Jursa, M., 2005, „Das Archiv von Bēl-eṭēri-Šamaš“, in: H.D. Baker und M. Jursa, Approaching the Babylonian Economy. Proceedings of the START Project Symposium Held in Vienna, 1-3 July 2004. Veröffentlichungen zur Wirtschaftsgeschichte im 1. Jahrtausend v. Chr. (= AOAT 330), Münster: Ugarit-Verlag, 2005, 197-268. |",NBC%206116%20obv%20b.jpg NBC%206116%20LoE.jpg,539
NBC 6188,NBC 6188,Sippar,Maštuk (Ardia),,,,NBC 6188,,internal,Zababa-napištu-uṣur/Šamaš-ahu-iddin/Šumu-libši,achaemenid,,,Cam07-II-15,normal,Promissory note,U'iltu concerning dates,,,NBC%206188%20obv%20a.JPG NBC%206188%20rev%20b.JPG,523
YOS 20 37,YOS 20 37,Uruk,Rēš,Lābâši/Anu-zēru-iddin//Ekur-zakir,,,NCBT 1956,Uruk,internal,Nidinti-Anu/Anu-uballiṭ//Sîn-leqe-unnīnnī,peri_seleukid,,,SE 77,normal,Sale of a prebend,Sale of shares in an ērib bītūtu-prebend,,,NCBT_1956_obv_a.jpg,235
YOS 19 44,YOS 19 44,Larsa,Itti-Šamaš-balāṭu,,,,NCBT 549,Ālu-ša-Mušēzib-Nabû,internal,Nidintu/Nabû-šumu-iddin,nb,,,Nbn10-VIa-25,normal,Promissory note,Barley owed to Itti-Šamaš-balāṭu as a consequence of theft,,,NCBT%20549%20obv.JPG,546
BM 42336,BM 42336,Sippar,Bēl-rēmanni,,,,BM 42336+42606+43432 (BM 42556 ),,internal,Bēl-uballiṭ/Nabû-šumu-līšir/Šangû-Ištar-Bābili,achaemenid,,,Dar01-XI-08,normal,Gift,Bēl-rēmanni receives two minas of silver and two slaves - duplicate BM 42556,,,DSC_0034.JPG DSC_0030.JPG,520
NBC 6118,NBC 6118,Nippur,Bēl-eṭēri-Šamaš,,,,NBC 6118,Nippur,internal,n/e,,529,550,[XXxx]-VI-5,normal,Business contract (harrānu),Harrānu entreprise of Bēl-eṭēri-Šamaš with a Nabû-aplu-iddin,,"Jursa, M., 2005, „Das Archiv von Bēl-eṭēri-Šamaš“, in: H.D. Baker und M. Jursa, Approaching the Babylonian Economy. Proceedings of the START Project Symposium Held in Vienna, 1-3 July 2004. Veröffentlichungen zur Wirtschaftsgeschichte im 1. Jahrtausend v. Chr. (= AOAT 330), Münster: Ugarit-Verlag, 2005, 197-268. |",NBC%206118%20obv.JPG NBC%206118%20rev.JPG,539
BM 27849,BM 27849,Borsippa,Ilia A,,,,BM 27849,Borsippa,internal,Nabû-ušallim/Rēmūt/Ilšu-abūšu,nb,,,Dar36-XI-13,normal,Promissory note,"Debt of dates, income of a prebend",,"Waerzeggers, C., The Ezida Temple of Borsippa. Priesthood, Cult, Archives. Leiden: Nederlands Instituut voor het Nabije Osten, 2010 (= Achaemenid History XV) |",006_BM27849_Obv1.jpg 006_BM27849_Obv2.jpg 006_BM27849_Rev2.jpg,486
BM 42332,BM 42332,Sippar,Bēl-rēmanni,,,,BM 42332+43610,,internal,Iddin-Nabû/Nabû-balāssu-iqbi//Balīhu,achaemenid,,,Dar19-XII-10,normal,Lease contract,Lease of a field by Bēl-rēmanni for four years,,,DSC_0006.JPG DSC_0021.JPG,502
YOS 7 28,YOS 7 28,Uruk,Eanna,,,,YBC 3766,Uruk,internal,Gimillu/Inanna-zēru-iddin,achaemenid,,,Cyr03-XII-19,normal,,Inspection of the ownership of a house,,,YBC%203766%20obv.JPG YBC%203766%20LoE.JPG,535
BE 9 49,BE 9 49,Nippur,Murašû,,,,CBS 5292,Nippur,internal,Ninurta-nāṣir/Arad-Enlil,achaemenid,,,Art36-VII-05,normal,Lease contract,Lease of plough oxen and seed,,,CBS_05292_001.jpg CBS_05292_005.jpg CBS_05292_006.jpg,429
JCS 36 7,JCS 36 7,Uruk,Eanna,,,,NCBT 176,Uruk,internal,Nabû-balāssu-iqbi/Šumāya,enb,,,Kan06-VI-14,normal,Dedication (širku),Consecration of two women to Eanna,,,NCBT%20176%20obv.JPG,641
BRM 1 19,BRM 1 19,Uruk,Morgan' Archive,,,,MLC 1802,Uruk?,external,n/a,enb,,,Nabû-nāṣir04-IV-21,normal,Account text,Receipt and issue of cattle (cows),,,MLC%201802%20obv.jpg,744
JCS 36 4,JCS 36 4,Uruk,,,,,NBC 8392,Uruk,external,Ērišu/Šapik,enb,,,Kan11-VII-02,normal,Sale of fields and orchards,(very fragmentary),,,NBC%208392%20obv.jpg NBC%208392%20rev.jpg NBC%208392%20UE.jpg,638
NBC 4513,NBC 4513,Uruk,Eanna,,,,NBC 4513,Babylon,internal,Nabû-bēlšunu/Bēl-ahu-šubši//Amēl-Ea,nb,,,AM01-II-17,normal,Lease (urban real estate),House of the qīpu Sîn-iddina in Babylon,,,NBC%204513%20obv%20a.JPG,561
NBC 4836,NBC 4836,Uruk,Eanna,,,,NBC 4836,Uruk,external,n/a,nb,,,Ner02-II-25,normal,Account text,Barley and dates given as rations etc,,,NBC%204836%20obv%20d.jpg NBC%204836%20rev%20d.jpg,558
NBC 6208,NBC 6208,Sippar,Maštuk (Ardia),,,,NBC 6208,,internal,Iššar-ēreš/Nidintu,achaemenid,,,Dar13-VII-20,normal,Lease contract,Rent of a house (bīt kuruppu),,,NBC%206208%20obv%20a.JPG NBC%206208%20obv%20b.JPG NBC%206208%20rev%20a.JPG,509
YBC 9232,YBC 9232,Nippur,Bēl-eṭēri-Šamaš,,,,YBC 9232,Nippur,internal,Šulāya/Zērūtu,nb,,,Nbk08-VIII-20,normal,Promissory note,Silver loaned at interest and against the pledge of a slave woman,,"Jursa, M., 2005, „Das Archiv von Bēl-eṭēri-Šamaš“, in: H.D. Baker und M. Jursa, Approaching the Babylonian Economy. Proceedings of the START Project Symposium Held in Vienna, 1-3 July 2004. Veröffentlichungen zur Wirtschaftsgeschichte im 1. Jahrtausend v. Chr. (= AOAT 330), Münster: Ugarit-Verlag, 2005, 197-268. |",YBC%209232%20obv%20b.jpg YBC%209232%20obv%20c.jpg YBC%209232%20rev%20b.jpg,597
BM 49373,BM 49373,Sippar,Ebabbar,,,,BM 49373,,internal,Marduk-šākin-salīmi/Ileˀi-Marduk,nb,,,Npl16-III-14,normal,Promissory note,"Small cattle, property of Šamaš, to be given by a shepherd",,Da Riva 2002: 195-196 |,IMG_0689.JPG IMG_0690.JPG,610
BRM 1 10,BRM 1 10,Uruk,Morgan' Archive,,,,MLC 1793,Uruk?,external,n/a,nb,,,Nabû-nāṣir08-I-17,normal,Account text,Issues of flour,,,MLC%201793%20rev.jpg,740
YOS 17 293,YOS 17 293,Uruk,Eanna,,,,YBC 3806,Bitqa ša Bēl-ētir šīhu ša Bēlet-ša-Uruk,external,n/a,achaemenid,,,NbkIV01-VII-03,normal,Promissory note,Dates outstanding on fields of Bēlet-ša-Uruk and Nanaya,,,YBC%203806%20obv.JPG YBC%203806%20rev.JPG,521
NBC 6190,NBC 6190,Sippar,Maštuk (Ardia),,,,NBC 6190,,internal,Nabû-balāssu-iqbi/[xx]/Saggilāya,achaemenid,,,Kam05-X-xx,normal,Promissory note,U'iltu concerning silver,,,NBC%206190%20obv.JPG,525
NBC 6191,NBC 6191,Sippar,Maštuk (Ardia),,,,NBC 6191,omitted,external,Mušēzib-Marduk/Nabû-ēṭir//Arad-Nergal,achaemenid,,,Kam07-XI-17,normal,Promissory note,U'iltu concerning barley,,,NBC%206191%20obv%20b.JPG NBC%206191%20obv%20c.JPG NBC%206191%20rev%20b.JPG,522
NBC 6227,NBC 6227,Sippar,Maštuk (Ardia),,,,NBC 6227,broken,external,Nabû-[x]/Nabû-šumu-līšir/Šangû-Ištar-Bābili,achaemenid,,,Dar04?,normal,Promissory note,U'iltu concerning silver free of interest and lease of house without rent,,,NBC%206227%20obv.JPG,518
NBC 6195,NBC 6195,Nippur,Bēl-eṭēri-Šamaš,,,,NBC 6195,Nippur,internal,Šamaš-ahu-iddin/[x],achaemenid,530,538,Cyrxx-X-04,normal,Promissory note,Barley and garlic owed to Bēl-eṭēri-Šamaš,,"Jursa, M., 2005, „Das Archiv von Bēl-eṭēri-Šamaš“, in: H.D. Baker und M. Jursa, Approaching the Babylonian Economy. Proceedings of the START Project Symposium Held in Vienna, 1-3 July 2004. Veröffentlichungen zur Wirtschaftsgeschichte im 1. Jahrtausend v. Chr. (= AOAT 330), Münster: Ugarit-Verlag, 2005, 197-268. |",NBC%206195%20obv.jpg NBC%206195%20rev.jpg,534
AD -328,AD -328,Babylon,Esangila,Astronomical Diaries,,,Rm 845+,Babylon,external,,peri_earlyhellenistic,,329,AlexIII07,normal,Astronomical Diary,Administrative measures involving a store(?)house,,,AD%20-328rev.jpg,
YOS 17 295,YOS 17 295,Uruk,Eanna,,,,YBC 3736,Bitqa ša Bēl-ētir šīhu ša Bēlet-ša-Uruk,external,n/a,achaemenid,,,NbkIV01-VII-03,normal,Promissory note,Dates outstanding (imittu) on fields of Bēlet-ša-Uruk and Nanaya,,,YBC%203736%20obv.JPG YBC%203736%20rev.JPG,521
YOS 19 36,YOS 19 36,Nippur,Bēl-eṭēri-Šamaš,,,,NBC 6186,Nippur,internal,Taqīš-Gula/Rēmūt,nb,,,Nbn14-I-13,normal,Promissory note,Barley owed by Bēl-eṭēri-Šamaš and an associate in the contaxt of a harrānu-entreprise,,"Jursa, M., 2005, „Das Archiv von Bēl-eṭēri-Šamaš“, in: H.D. Baker und M. Jursa, Approaching the Babylonian Economy. Proceedings of the START Project Symposium Held in Vienna, 1-3 July 2004. Veröffentlichungen zur Wirtschaftsgeschichte im 1. Jahrtausend v. Chr. (= AOAT 330), Münster: Ugarit-Verlag, 2005, 197-268. |",NBC%206186%20obv%20a.jpg NBC%206186%20obv%20b.jpg NBC%206186%20obv%20c.jpg NBC%206186%20rev%20a.jpg NBC%206186%20rev%20b.jpg NBC%206186%20LoE.jpg,542
BRM 1 11,BRM 1 11,Uruk,Morgan' Archive,,,,MLC 1794,Uruk?,external,n/a,enb,,,Nabû-nāṣir09-I-10,normal,Account text,Issues of dates,,,MLC%201794%20obv.JPG MLC%201794%20UE.JPG,739
YOS 19 34,YOS 19 34,Nippur,Bēl-eṭēri-Šamaš,,,,NBC 6233,Ālu-ša-ikkarāti,internal,Eanna-iddin/Nabû-ahu-iddin,nb,,,Nbn10-XI-10,normal,Promissory note,Barley owed by Bēl-eṭēri-Šamaš to a royal estate,,"Jursa, M., 2005, „Das Archiv von Bēl-eṭēri-Šamaš“, in: H.D. Baker und M. Jursa, Approaching the Babylonian Economy. Proceedings of the START Project Symposium Held in Vienna, 1-3 July 2004. Veröffentlichungen zur Wirtschaftsgeschichte im 1. Jahrtausend v. Chr. (= AOAT 330), Münster: Ugarit-Verlag, 2005, 197-268. |",NBC%206233%20obv.JPG NBC%206233%20rev.JPG,545
AD -273B,AD -273B,Babylon,Esangila,Astronomical Diaries,,,BM 36710,Babylon,external,,peri_seleukid,,274,SE 38,normal,Astronomical Diary,First Syrian War: preparations for campaign into Syria,,,AD-273B.LE.left.jpg AD-273B.left.jpg AD-273B.%20right.jpg,
BIN 2 114,BIN 2 114,Uruk,Eanna,,,,NBC 1229,Uruk,internal,Gimillu/Nabû-zēru-iddin//Hunzû,achaemenid,,,Cam0a-IX-01,normal,Jurisdiction,Bail protocol,,,NBC%201229%20obv%20b.JPG,530
BE 10 19,BE 10 19,Nippur,Murašû,,,,CBS 5326,Nippur,internal,Ninurta-abu-uṣur/Enlil-šumu-iddin,achaemenid,,,DarII01-III-07,normal,Promissory note,Dates owed to Enlil-šumu-iddin//Murašû,,,CBS_05326_001.jpg CBS_05326_006.jpg,423
BM 64167,BM 64167,Sippar,Iššar-tarībi,,,,BM 64167,Raqqana,internal,Itti-Nabû-balāṭu/Bēl-iddin,achaemenid,,,Dar14-VII-20,normal,Jurisdiction,Oath sworn concerning the repayment of a debt note,,"Sandowicz 2013, Text 0.223 |",DSC03318.JPG DSC03320.JPG,508
NBC 4650,NBC 4650,Nippur,Bēl-eṭēri-Šamaš,,,,NBC 4650,Bīt-Qatinnu,internal,Enlil-uballiṭ/Šumu-ukīn,achaemenid,,,Cyr04-XI-25,normal,Receipt,Dates received by Bēl-eṭēri-Šamaš,,"Jursa, M., 2005, „Das Archiv von Bēl-eṭēri-Šamaš“, in: H.D. Baker und M. Jursa, Approaching the Babylonian Economy. Proceedings of the START Project Symposium Held in Vienna, 1-3 July 2004. Veröffentlichungen zur Wirtschaftsgeschichte im 1. Jahrtausend v. Chr. (= AOAT 330), Münster: Ugarit-Verlag, 2005, 197-268. |",NBC%204650%20obv.jpg NBC%204650%20rev.jpg NBC%204650%20LoE%20b.jpg NBC%204650%20LeE%20a.jpg,534
BM 79364,BM 79364,Sippar,Ebabbar,,,,BM 79364,,internal,Bēl-usāt//Ša-nāšišu,nb,,,Npl11-I-26,normal,Promissory note,"120 kurru of barley, sūtu-payment",,Da Riva 2002: 69 |,IMG_0191.JPG IMG_0196.JPG IMG_0203.JPG IMG_0211.JPG,615
BE 10 14,BE 10 14,Nippur,Murašû,,,,CBS 5336,Nippur,internal,Ninurta-uballiṭ/Zēriya,achaemenid,,,Art28-III-03,normal,Lease contract,Date orchard leased to an agent/slave of Enlil-šumu-iddin//Murašû,,,CBS_05336_002.jpg CBS_05336_003.jpg CBS_05336_011.jpg CBS_05336_012.jpg,437
BE 9 36,BE 9 36,Nippur,Murašû,,,,CBS 5334,Addiāya,internal,Ninurta-ēṭir/Šumu-iddin,achaemenid,,,Art34-V-05,normal,Promissory note,Dates owed to Enlil-šumu-iddin//Murašû,,,CBS_05334_001.jpg CBS_05334_006.jpg CBS_05334_002.jpg,431
BM 17691,BM 17691,Borsippa,Ilia A,,,,BM 17691,Borsippa,internal,Niqūdu/Marduk-šumu-iddin/Ša-nāšišu,nb,,,Cyr06-XIIb-15,normal,Promissory note,Billatu-beer for the cultic meal Nabû,,"Waerzeggers, C., The Ezida Temple of Borsippa. Priesthood, Cult, Archives. Leiden: Nederlands Instituut voor het Nabije Osten, 2010 (= Achaemenid History XV) |",016_BM17691_Obv1.JPG 016_BM17691_Rev1.JPG,532
NCBT 217,NCBT 217,Uruk,Eanna,,,,NCBT 217,Uruk,internal,,enb,,,Ššu09-VII-28,normal,Dedication (širku),,,,NCBT%20217%20obv.jpg,660
NBC 4848,NBC 4848,Uruk,Eanna,,,,NBC 4848,Uruk,internal,Nergal-ina-tēšî-ēṭir/Marduk-šākin-šumi//Sîn-leqe-unninnī,enb,,,Marduk-apla-iddinaII04-IX-04,normal,Land register,Plots of land given to 91 rab hanšês,,,NBC%204848%20obv%20a.jpg NBC%204848%20rev%20c.jpg,718
GC 2 367,GC 2 367,Uruk,Eanna,,,,GCBC 791,Uruk,external,n/a,enb,,,Kan09-V-01,normal,Account text,Valuable objects (mostly of gold),,,GCBC%20791%20rev.jpg,639
BM 102322,BM 102322,Borsippa,Ilia A,,,,BM 102322,Borsippa,internal,n/a,achaemenid,,,Dar08-VIII-15,normal,Receipt,Receipt of barley for the rations of the šatammu; the text is qualified as a memorandum (tahsistu),,"Waerzeggers, C., The Ezida Temple of Borsippa. Priesthood, Cult, Archives. Leiden: Nederlands Instituut voor het Nabije Osten, 2010 (= Achaemenid History XV) |",024_BM102322_Obv1.jpg 024_BM102322_Rev1.jpg,514
YOS 6 171,YOS 6 171,Uruk,Eanna,,,,YBC 3781,Uruk,external,n/a,nb,,,Nbn12-VII-xx,normal,Account text,Barley for rations and wages,,,YBC%203781%20rev.JPG,544
NBC 4905,NBC 4905,Uruk,Eanna,,,,NBC 4905,Uruk,internal,Kīnāya/Zēriya,nb,,,Ner01-II-10,normal,Promissory note,2 oxen of the Eanna temple rented out,,,NBC%204905%20obv%20a.jpg,559
YOS 21 216,YOS 21 216,,,,,,,,internal,,,,,,normal,,,,,NBC%204579%20obv%20b.JPG NBC%204579%20rev%20b.JPG NBC%204579%20rev%20c.JPG NBC%204579%20rev%20d.JPG,
BM 42424,BM 42424,Sippar,Bēl-rēmanni,,,,BM 42424 (duplicate: BM 42412),n/a,internal,Nabû-ahhē-bulliṭ/Nabû-nāṣir//Nannûtu,achaemenid,,,Dar08-III-11,normal,Work contract,Shares in a brewer's prebend given ana ēpišāni -duplicate: BM 42412,,,2015-03-02%2012.32.23.jpg 2015-03-02%2012.33.04.jpg 2015-03-02%2012.34.48.jpg 2015-03-02%2012.35.10.jpg,514
AD -155A,AD -155A,Babylon,Esangila,Astronomical Diaries,,,BM 45768,Babylon,external,,peri_seleukid,,155,SE 156,normal,Astronomical Diary,"Arrival of an envoy of the king, who seems to have instigated judicial proceedings",,,AD%20-155A_BM%2045768_r15.jpg,
CTMMA IV 148B,CTMMA IV 148B,Babylon,,,,,BM 47926,n/a,internal,n/a,peri_seleukid,,236,SE 75,normal,Decree,"""Lehmann text"": record of royal land grant and tax exemptions",,,BM%2047926%20dupl.%20Lehmann%20obv.JPG BM%2047926%20dupl.%20Lehmann%20rev2.JPG,
YOS 19 28,YOS 19 28,Nippur,Bēl-eṭēri-Šamaš,,,,NBC 6174,Šarrānu,internal,Šamaš-šarru-uṣur/Šadûnu,nb,,,Nbn16-XII-11,normal,Promissory note,Silver (at interest) owed by Bēl-eṭēri-Šamaš as a consequence of a revoked sale of an ox,,"Jursa, M., 2005, „Das Archiv von Bēl-eṭēri-Šamaš“, in: H.D. Baker und M. Jursa, Approaching the Babylonian Economy. Proceedings of the START Project Symposium Held in Vienna, 1-3 July 2004. Veröffentlichungen zur Wirtschaftsgeschichte im 1. Jahrtausend v. Chr. (= AOAT 330), Münster: Ugarit-Verlag, 2005, 197-268. |",NBC%206174%20obv%20a.jpg NBC%206174%20obv%20b.jpg NBC%206174%20rev%20a.jpg NBC%206174%20rev%20b.jpg,539
YOS 21 214,YOS 21 214,Uruk,Eanna,,,,YBC 3524,n/a,internal,Ardia/Innin-šumu-uṣur/Kidin-Marduk,achaemenid,,,NbkIV01,normal,Lease contract,rent of date garden,,,YBC%203524%20obv.JPG YBC%203524%20rev.JPG,521
BM 94556,BM 94556,Borsippa,Ilia A,,,,BM 94556,Borsippa,internal,Nabû-bēl-šumāti/Balāṭu/Ardūtu,nb,,,Nbp18-IV-21,normal,Sale of a prebend,Exchange of prebends,,"Waerzeggers, C., The Ezida Temple of Borsippa. Priesthood, Cult, Archives. Leiden: Nederlands Instituut voor het Nabije Osten, 2010 (= Achaemenid History XV) |",004_BM94556_Obv1.JPG 004_BM94556_Rev1.JPG 004_BM94556_Rev2.JPG,608
BM 42369,BM 42369,Sippar,Bēl-rēmanni,,,,BM 42369,,internal,n/e,achaemenid,,,Dar31-xx-xx,normal,Promissory note,8 kurru of dates owed by Bēl-rēmanni and an associate; oath promising repayment on time,,,2015-03-02%2010.56.37.jpg 2015-03-02%2010.58.18.jpg,491
YOS 19 23,YOS 19 23,Sippar,Maštuk (Ardia),,,,NBC 6113,,internal,Arad-Bēl/Aplāya/Nappāhu,enb,,,Nbn11-XI-28,normal,Promissory note,Silver with a slave given as security,,,NBC%206113%20obv%20b.JPG NBC%206113%20rev%20b.JPG,545
BM 49469,BM 49469,Sippar,Ebabbar,,,,BM 49469,omitted,external,Aplāya//Ša-nāšišu,nb,,,Npl17-II26,normal,Promissory note,"Grains, mainly barely, owed (imittu and field rent/Teilpacht) by an ikkaru",,Da Riva 2002: 71 |,IMG_0001.JPG IMG_0002.JPG,609
YOS 21 217,YOS 21 217,Uruk,Eanna,,,,NCBT 363,n/a,internal,n/a,achaemenid,,,NbkIV01,normal,,rental payments of dates,,,NCBT%20363%20obv%20b.jpg NCBT%20363%20obv%20c.JPG NCBT%20363%20obv%20d.JPG,521
YOS 20 60,YOS 20 60,Uruk,Rēš,,P297040,,MLC 2655,Uruk,internal,Anu-iqīsanni/Nidinti-Anu/Sîn-leqe-unnīnnī,peri_seleukid,,,SE 119,normal,Sale of urban real estate,"bīt šadê, dalbānu Duplicate to YOS 20 61",,,MLC_2654_obv.jpg,193
Camb. 13,Camb. 13,Sippar,Iššar-tarībi,,,,BM 74960,,internal,Bulluṭu/Nādin,achaemenid,,,Camb0a-VIII-xx,normal,Receipt (tax),Acquittal of tēlītu-tax and hiring of a ṣāb šarri,,Tolini 2011 II 88f. |,DSC03345.JPG DSC03349.JPG DSC03351.JPG,530
YOS 21 219,YOS 21 219,Uruk,Eanna,,,,NCBT 861,n/a,internal,n/a,achaemenid,,,NbkIV01,normal,,list of rental payments of dates,,,NCBT%20861%20obv.JPG NCBT%20861%20rev.JPG,521
CT 49 159,CT 49 159,Babylon,Rahimesu,,,,BM 41626,Babylon,internal,n/a,peri_parthian,,,SE 218-V-21,normal,Account text,Deposits of silver,,"Van der Spek 1998, text 7 |",IMG_9077.JPG IMG_9078.JPG,94
BM 74626,BM 74626,Sippar,Iššar-tarībi,,,,BM 74626,Bīt-Ṣilla,internal,Balāṭu/Mušallim-Marduk,achaemenid,,,Dar23-VIII-05,normal,Receipt,"Iššar-tarībi acquires caps (karballatu) outstanding, forty pieces for four shekel of silver",,,DSC03740.JPG DSC03752.JPG,499
YOS 7 110,YOS 7 110,Uruk,Eanna,,,,YBC 3503,Uruk,external,,achaemenid,,,Cam01(?).xx.xx,normal,Account text,Dates given out as makkassu,,,YBC%203503%20rev%20a.JPG,529
AD -226A,AD -226A,Babylon,Esangila,Astronomical Diaries,,,BM 41655+,Babylon,external,,peri_seleukid,,227,SE 85,normal,Astronomical Diary,Cult acts (incantations); astronomical observations,,,AD%20-226A.jpg,
BM 82695,BM 82695,Borsippa,Ilia A,,,,BM 82695,Borsippa,internal,[Nabû-bēlšunu]/Mušēzib//Itinnu,achaemenid,522,529,Camxx,normal,Inheritance contract,Forfeiture of inheritance in favour of a relative,,"Waerzeggers, C., The Ezida Temple of Borsippa. Priesthood, Cult, Archives. Leiden: Nederlands Instituut voor het Nabije Osten, 2010 (= Achaemenid History XV) |",019_BM82695_Obv1.JPG 019_BM82695_Rev1.JPG 019_BM82695_Rev2.JPG,525
YOS 9 82,YOS 9 82,,,,,,NBC 6070,n/a,internal,n/a,enb,,626,,normal,Royal inscription,Funerary inscription (cylinder) for a Babylonian tribal leader Šamaš-ibni written under Aššur-eṭel-ilāni,,,NBC%206070%202a.JPG NBC%206070%205a.JPG,
BM 33984,BM 33984,Babylon,Rahimesu,,,,BM 33984,Babylon,internal,n/a,peri_parthian,,,SE 218-V-02,normal,Account text,Silver deposits,,"Hackl, Fs. van der Spek, text 1 |",BM%2033984%20Vs%201.JPG,94
BM 42415,BM 42415,Sippar,Bēl-rēmanni,,,,BM 42415 (duplicate: 42571+),,internal,Nidintu/Nabû-ēṭir-napšāti//Iššakku,achaemenid,,,Dar11-I-30,normal,Jurisdiction,Oath of promise to repay of dates owed by Bēl-rēmanni - duplicate: 42571+,,,2015-03-02%2014.14.04.jpg 2015-03-02%2014.14.11.jpg 2015-03-02%2014.14.28-2.jpg,511
YOS 19 19,YOS 19 19,Nippur,Bēl-eṭēri-Šamaš,,,,NBC 6192,Ālu-ša-ardāni,internal,Nabû-tabni-uṣur/Ea-mukīn-apli,nb,539,555,[Nbn],normal,Promissory note,Silver,,"Jursa, M., 2005, „Das Archiv von Bēl-eṭēri-Šamaš“, in: H.D. Baker und M. Jursa, Approaching the Babylonian Economy. Proceedings of the START Project Symposium Held in Vienna, 1-3 July 2004. Veröffentlichungen zur Wirtschaftsgeschichte im 1. Jahrtausend v. Chr. (= AOAT 330), Münster: Ugarit-Verlag, 2005, 197-268. |",NBC%206192%20obv.jpg NBC%206192%20rev.jpg,
YOS 19 18,YOS 19 18,Sippar,Maštuk (Ardia),,,,NBC 6214,broken,external,Itti-Nabû-balāṭu/Bēl-bullissu/Dābibi,nb,,,[Nbn1]4-IX-13,normal,Promissory note,Tax payment(?),,,NBC%206214%20obv%20a.JPG NBC%206214%20rev%20a.JPG,542
YOS 19 17,YOS 19 17,Sippar,Maštuk (Ardia),,,,NBC 6219,Babylon,internal,(omitted),nb,,,Nbn15-I-20,normal,Promissory note,Silver (for a dowry),,,NBC%206219%20obv.JPG NBC%206219%20rev.JPG,541
YOS 19 16,YOS 19 16,Nippur,Bēl-eṭēri-Šamaš,,,,NBC 6200,Nippur,internal,Enlil-balāssu-iqbi/Zēriya,nb,,,Nbn06-IX-20,normal,Promissory note,Silver (remainder of an earlier debt),,"Jursa, M., 2005, „Das Archiv von Bēl-eṭēri-Šamaš“, in: H.D. Baker und M. Jursa, Approaching the Babylonian Economy. Proceedings of the START Project Symposium Held in Vienna, 1-3 July 2004. Veröffentlichungen zur Wirtschaftsgeschichte im 1. Jahrtausend v. Chr. (= AOAT 330), Münster: Ugarit-Verlag, 2005, 197-268. |",NBC%206200%20obv.jpg NBC%206200%20rev.jpg,550
BM 24480,BM 24480,Borsippa,Ilia A,,,,BM 24480,Borsippa,internal,Marduk-šumu-ibni/Šulāya//Ilia,nb,,,Nbn12-I-18,normal,Promissory note,Concerning barley (as price of billatu-beer for the cultic meal Nabû),,"[Waerzeggers, C., The Ezida Temple of Borsippa. Priesthood, Cult, Archives. Leiden: Nederlands Instituut voor het Nabije Osten, 2010 (= Achaemenid History XV) |",010_BM24480_Obv1.JPG 010_BM24480_Rev1.JPG 010_BM24480_Rev2.JPG,544
NBC 8379,NBC 8379,Nippur,Bēl-eṭēri-Šamaš,,,,NBC 8379,Āl-Adad,internal,Bēl-iddin/Ša-Nabû-šū,achaemenid,,,Cyr04-V-25,normal,Slave sale,Slave sold to Bēl-eṭēri-Šamaš,,"Jursa, M., 2005, „Das Archiv von Bēl-eṭēri-Šamaš“, in: H.D. Baker und M. Jursa, Approaching the Babylonian Economy. Proceedings of the START Project Symposium Held in Vienna, 1-3 July 2004. Veröffentlichungen zur Wirtschaftsgeschichte im 1. Jahrtausend v. Chr. (= AOAT 330), Münster: Ugarit-Verlag, 2005, 197-268. |",NBC%208379%20obv%20a.JPG NBC%208379%20obv%20b.JPG NBC%208379%20obv%20c.JPG NBC%208379%20rev%20a.JPG NBC%208379%20rev%20b.JPG,535
BE 10 26,BE 10 26,Nippur,Murašû,,,,CBS 5227,Nippur,internal,Ninurta-abu-uṣur/Enlil-šumu-iddin,achaemenid,,,DarII01-IV-01,normal,Promissory note,Dates owed to Enlil-šumu-iddin//Murašû,,,CBS_05227_001.jpg CBS_05227_005.jpg,423
YBC 11566,YBC 11566,Uruk,Eanna,,,,YBC 11566,Uruk,external,n/a,enb,,,Kan15,normal,Land register,Plots of land given to 45 rab hanšes,,,YBC%2011566%20rev.jpg,634
EE 106,EE 106,Nippur,Murašû,,,,CBS 12859,Nippur,internal,n/e,achaemenid,,,Art20-IV-20,normal,Jurisdiction,Lawsuit concerning a house (bīt epšu),,"Stolper, M.W., Entrepreneurs and Empire: The Murašû Archive, the Murašû Firm, and Persian Rule in Babylonia. Leiden: Nederlands Instituut voor het Nabije Osten, 1985 (= PIHANS 54). |",CBS_12859_001.jpg,445
AD -330A+B,AD -330A+B,Babylon,Esangila,Astronomical Diaries,,,BM 36761,Babylon,external,,achaemenid,,331,DarIII05,normal,Astronomical Diary,"Battle of Gaugamela, Alexander the Great enters Babylon",,http://www.livius.org/cg-cm/chronicles/bchp-alexander/astronomical_diary-330_01.html | Van der Spek 2003 |,AD%20-330.BM%2036761rev.jpg AD%20-330A.BM%2036761.jpg,
YOS 6 159,YOS 6 159,Uruk,Eanna,,,,YBC 3782,Uruk,internal,Nādinu/Bēl-ahhē-iqīša//Egibi,nb,,,Nbn10-XII-27,normal,Promissory note,Large quantities of barley and dates owed as remainder of a settlement of accounts (epīš nikkassi),,,YBC%203782%20obv.JPG,545
BCHP 6,BCHP 6,Babylon,Esangila,BCHP,,,BM 32248+,Babylon,external,,peri_seleukid,,304,,normal,Chronicle,Temple renovations (Esangila) and offerings,,"Van der Spek 2006, text 4 |",BCHP%206%20_BM32248%20o.JPG,
EE 3,EE 3,Nippur,Murašû,,,,CBS 12864,Nippur,internal,n/e,achaemenid,,,Art22-I-20,normal,Rental agreement (fields/orchards),Field and orchard for 10 years,,"Stolper, M.W., Entrepreneurs and Empire: The Murašû Archive, the Murašû Firm, and Persian Rule in Babylonia. Leiden: Nederlands Instituut voor het Nabije Osten, 1985 (= PIHANS 54). |",CBS_12864_013.jpg CBS_12864_002.jpg,443
BM 42408,BM 42408,Sippar,Bēl-rēmanni,,,,BM 42408,,internal,Nidintu/Ile’i-Marduk,achaemenid,,,Dar13-XII-27,normal,Prebend contract,Sale of (a part of a ) prebendary income,,,2015-03-02%2014.11.45.jpg 2015-03-02%2014.12.25.jpg 2015-03-02%2014.12.30.jpg,508
AD -140C,AD -140C,Babylon,Esangila,Astronomical Diaries,,,BM 34050+,Babylon,external,,peri_parthian,,141,SE 171,normal,Astronomical Diary,Unrest in Babylonia caused by Elamites,,,CIMG0130.JPG,
BM 102024,BM 102024,Borsippa,Ilia A,,,,BM 102024,Borsippa,internal,Nabû-balāssu-iqbi/Nabû-ēṭir-napšāti/Lā-kuppuru,achaemenid,,,Dar13-III-04,normal,Receipt,17 minas of dates of various prebendary offerings,,"Waerzeggers, C., The Ezida Temple of Borsippa. Priesthood, Cult, Archives. Leiden: Nederlands Instituut voor het Nabije Osten, 2010 (= Achaemenid History XV) |",029_BM102024_Obv1.jpg 029_BM102024_Rev1.jpg,509
GCBC 555,GCBC 555,Uruk,Eanna,,,,GCBC 555,Bīt Šama’il,internal,Itti-Marduk-balāṭu/Tabnêa//Kalbi-Sîn,achaemenid,,,Cam0a-VIa-12,normal,Promissory note,Dates outstanding on fields belonging to Ištar of Uruk,,,GCBC%20555%20obv%20b.JPG GCBC%20555%20rev%20b.JPG,530
BE 9 61,BE 9 61,Nippur,Murašû,,,,CBS 5297,Nippur,internal,Aplāya/Sîn-iqbi,achaemenid,,,Art38-I-19,normal,Promissory note,Barley from a harrānu-entreprise,,,CBS_05297_001.jpg CBS_05297_005.jpg CBS_05297_006.jpg CBS_05297_003.jpg,427
BM 29419,BM 29419,Borsippa,Ahiya'ūtu,,,,BM 29419,Borsippa,internal,Iddin-Nabû/[x]//Gallābu,achaemenid,,,Dar31-VII-15,normal,Work contract,Service for a brewer's in Ezida prebend ana ēpišānūti,,"Waerzeggers, C., The Ezida Temple of Borsippa. Priesthood, Cult, Archives. Leiden: Nederlands Instituut voor het Nabije Osten, 2010 (= Achaemenid History XV) |",001_BM29419_Obv1.JPG 001_BM29419_Obv2.JPG 001_BM29419_Rev2.JPG,491
BCHP 5,BCHP 5,Babylon,Esangila,BCHP,,,Rm 757+,Babylon,external,,peri_seleukid,,287,SE 25(?),normal,Chronicle,Offerings performed by crown prince Antiochus I.,,"Van der Spek 2006, text 3 |",BCHP%205_BM%2032585%20o.JPG,
BM 42400,BM 42400,Sippar,Bēl-rēmanni,,,,BM 42400,Til-gubbi,internal,Balāṭu//Išparu,achaemenid,,,Dar30-xx-24,normal,Receipt,Receipt of dates (ebūru) by Bēl-rēmanni,,,2015-03-02%2014.07.47.jpg,492
AD -162,AD -162,Babylon,Esangila,Astronomical Diaries,,,BM 33850+,Babylon,external,,peri_seleukid,,163,SE 149,normal,Astronomical Diary,Local unrest due to ethnic tension between Greeks and Babylonians,,,IMG_1445.JPG IMG_1447.JPG,
NBC 4761,NBC 4761,Nippur,Bēl-eṭēri-Šamaš,,,,NBC 4761,Nippur,internal,Enlil-uballiṭ/Pir’u,achaemenid,,,Cyr01-VIII-12,normal,Receipt,Bēl-eṭēri-Šamaš pays a sum of silver (to acquire sheep?),,"Jursa, M., 2005, „Das Archiv von Bēl-eṭēri-Šamaš“, in: H.D. Baker und M. Jursa, Approaching the Babylonian Economy. Proceedings of the START Project Symposium Held in Vienna, 1-3 July 2004. Veröffentlichungen zur Wirtschaftsgeschichte im 1. Jahrtausend v. Chr. (= AOAT 330), Münster: Ugarit-Verlag, 2005, 197-268. |",NBC%204761%20obv.JPG NBC%204761%20rev.jpg,538
AD -168A,AD -168A,Babylon,Esangila,Astronomical Diaries,,,BM 41581,Babylon,external,,peri_seleukid,,169,SE 143,normal,Astronomical Diary,Theft of temple property and trial,,,AD%20-168A.rev.left.jpg AD%20-168A.rev.right.jpg,
AD -183A,AD -183A,Babylon,Esangila,Astronomical Diaries,,,BM 35343+,Babylon,external,,peri_seleukid,,184,SE 128,normal,Astronomical Diary,Matters of taxation (head tax),,,AD%20-183A.jpg,
NCBT 460,NCBT 460,Uruk,Eanna,,,,NCBT 460,Uruk,external,n/a,enb,629,639,Kan10+-XI-03,normal,Account text,Gold and silver ana pīdānu before craftsmen,,,NCBT%20460%20obv.JPG,634
BM 94638,BM 94638,Borsippa,Ahiya'ūtu,,,,BM 94638,Borsippa,internal,Nabû-uballiṭ/[x]//[x],achaemenid,,,Dar14-X-xx,normal,Promissory note,Delivery of five vats of beer for kapru-offerings,,"Waerzeggers, C., The Ezida Temple of Borsippa. Priesthood, Cult, Archives. Leiden: Nederlands Instituut voor het Nabije Osten, 2010 (= Achaemenid History XV) |",003_BM94638_Obv1.JPG,507
YOS 7 196,YOS 7 196,Uruk,Eanna,,,,YBC 3776,Gadēti,internal,Šamaš-mukīn-apli/Eanna-nādin-šumi//Babûtu],achaemenid,,,Cam08-I-05,normal,,Illegal appropriation of seeding area,,,YBC%203776%20obv.JPG,522
BM 102033,BM 102033,Borsippa,Ilia A,,,,BM 102033,Borsippa,internal,Nabû-uballiṭ/Gimillu/Ea-ibni,nb,,,Cyr09-I-24,normal,Work contract,Prebend-related services (kapru and maštītu) ana ēpišānūti,,"Waerzeggers, C., The Ezida Temple of Borsippa. Priesthood, Cult, Archives. Leiden: Nederlands Instituut voor het Nabije Osten, 2010 (= Achaemenid History XV) |",017_BM102033_Obv1.jpg 017_BM102033_Rev1.jpg,530
BRM 1 8,BRM 1 8,Uruk,Morgan' Archive,,,,MLC 1791,Uruk?,external,n/a,nb,,,Nabû-nāṣir07-VI-10,normal,Account text,Barley (nishu) given to institutional personnel,,,MLC%201791%20obv.JPG MLC%201791%20rev.JPG MLC%201791%20UE.JPG,741
BRM 1 7,BRM 1 7,Uruk,Morgan' Archive,,,,MLC 1790,Uruk?,external,n/a,nb,,,Nabû-nāṣir07-V-20,normal,Account text,Wool issued to female weavers,,,MLC%201790%20obv.jpg MLC%201790%20LoE.jpg,741
BRM 1 6,BRM 1 6,Uruk,Morgan' Archive,,,,MLC 1789,Uruk?,external,n/a,enb,,,Nabû-nāṣir04-IV-16,normal,Account text,Sheep issued to individuals,,,MLC%201789%20obv.JPG MLC%201789%20rev.JPG,744
BRM 1 5,BRM 1 5,Uruk,Morgan' Archive,,,,MLC 1815,Uruk?,external,n/a,nb,,,Nabû-nāṣir03-VII-01,normal,Account text,Issues of wool by the temple,,,MLC%201815%20obv%20a.JPG MLC%201815%20obv%20b.JPG MLC%201815%20obv%20c.JPG MLC%201815%20rev%20c.JPG MLC%201815%20rev%20a.JPG MLC%201815%20rev%20b.JPG,745
BRM 1 4,BRM 1 4,Uruk,Morgan' Archive,,,,MLC 1814,Uruk?,external,n/a,enb,,,Nabû-nāṣir01-IV-23,normal,Account text,Inspection of a herd after shearing,,,MLC%201814%20obv.jpg MLC%201814%20rev%20a.jpg MLC%201814%20rev.jpg,747
BRM 1 3,BRM 1 3,Uruk,Morgan' Archive,,,,MLC 1813,Uruk?,external,n/a,nb,,,Nabû-šumu-iškun13-VIII-19,normal,Account text,Herd inspection (cattle),,,MLC%201813%20obv.JPG MLC%201813%20rev%20a.JPG MLC%201813%20rev.JPG MLC%201813%20obv%20a.JPG,748
BRM 1 2,BRM 1 2,Uruk,Morgan' Archive,,,,MLC 1812,Uruk?,external,n/a,enb,,,Nabû-šumu-iškun10-IX-20,normal,Account text,Issue of barley for seed,,,MLC%201812%20obv.JPG MLC%201812%20rev.JPG MLC%201812%20UE.jpg,751
YOS 19 8,YOS 19 8,Nippur,Bēl-eṭēri-Šamaš,,,,NBC 6226,Nippur,internal,Ninurta-ahhē-iqīša/Līšir,nb,,,Nbn10-II-25,normal,Sales contract (movable goods),Donkey sold to Bēl-eṭēri-Šamaš,,"Jursa, M., 2005, „Das Archiv von Bēl-eṭēri-Šamaš“, in: H.D. Baker und M. Jursa, Approaching the Babylonian Economy. Proceedings of the START Project Symposium Held in Vienna, 1-3 July 2004. Veröffentlichungen zur Wirtschaftsgeschichte im 1. Jahrtausend v. Chr. (= AOAT 330), Münster: Ugarit-Verlag, 2005, 197-268. |",NBC%206226%20obv%20b.JPG NBC%206226%20rev%20b.JPG,546
NCBT 995,NCBT 995,Uruk,Eanna,,,,NCBT 995,Uruk,internal,Marduk-ēṭer/Bēl-šumu-iškun//Dābibī,enb,,,Npl18-III-01,normal,Decree,Concerning a troop of workers charged with procuring straw for Eanna,,,NCBT%20995%20obv.JPG NCBT%20995%20rev.JPG,608
NBC 8398,NBC 8398,Nippur,Bēl-eṭēri-Šamaš,,,,NBC 8398,omitted,external,n/a,achaemenid,,,Cam01-XI-13,normal,Jurisdiction,Declaration before witnesses,,"Jursa, M., 2005, „Das Archiv von Bēl-eṭēri-Šamaš“, in: H.D. Baker und M. Jursa, Approaching the Babylonian Economy. Proceedings of the START Project Symposium Held in Vienna, 1-3 July 2004. Veröffentlichungen zur Wirtschaftsgeschichte im 1. Jahrtausend v. Chr. (= AOAT 330), Münster: Ugarit-Verlag, 2005, 197-268. |",NBC%208398%20obv%20b.jpg NBC%208398%20obv%20c.jpg NBC%208398%20rev%20b.jpg NBC%208398%20rev%20c.jpg NBC%208398%20rev%20a.jpg,529
AD -137A,AD -137A,Babylon,Esangila,Astronomical Diaries,,,BM 45709,Babylon,external,,peri_parthian,,138,SE 174,normal,Astronomical Diary,Warfare in Babylonia; Parthian troops defeat and capture Demetrius II,,,CIMG0145.JPG,
YOS 19 1,YOS 19 1,Uruk,Eanna,,,,YBC 16216,Uruk,internal,n/a,nb,,,Nbn14-III-19,normal,Sale of urban real estate,Urban real estate bought by Eanna,,,YBC%2016216%20obv.JPG,542
BM 94738,BM 94738,Borsippa,Ilia A,,,,BM 94738,Borsippa,internal,[x]/[x]//Kudurrānu,nb,,,Nbn16-VIII-14,normal,Promissory note,Delivery of billatu-beer for offerings,,"Waerzeggers, C., The Ezida Temple of Borsippa. Priesthood, Cult, Archives. Leiden: Nederlands Instituut voor het Nabije Osten, 2010 (= Achaemenid History XV) |",011_BM94738_Obv1.jpg 011_BM94738_Rev1.jpg,540
AD -137D,AD -137D,Babylon,Esangila,Astronomical Diaries,,,BM 33461+,Babylon,external,Hyspaosines,peri_parthian,,138,SE 174,normal,Astronomical Diary,Elamite attack on Babylonia fended off by Hyspaosines of Mesene,,,CIMG0159.JPG CIMG0164.JPG,
AD -362,AD -362,Babylon,Esangila,Astronomical Diaries,,,BM 36742+,Babylon,external,Mušallim-Bēl/Iddin-Bēl//Mušēzib,achaemenid,,363,ArtII42,normal,Astronomical Diary,Local unrest involving the crown prince,,"Hunger and van der Spek, ARTA 006.002 |",AD%20-362_BM36742.jpg,
BRM 1 18,BRM 1 18,Uruk,Morgan' Archive,,,,MLC 1801,Uruk?,external,n/a,achaemenid,,,Nabû-nāṣir10-xx-06,normal,Account text,Issue of one mina of silver to acquire gold,,,MLC%201801%20obv.jpg MLC%201801%20rev.jpg,738
BM 27779,BM 27779,Borsippa,Ilia A,,,,BM 27779,Borsippa,internal,Marduk-šumu-uṣur/Šamaš-uballiṭ//Ilia,achaemenid,,,Dar08-X-13,normal,Receipt,Silver for equipment of an archer,,"Waerzeggers, C., The Ezida Temple of Borsippa. Priesthood, Cult, Archives. Leiden: Nederlands Instituut voor het Nabije Osten, 2010 (= Achaemenid History XV) |",025_BM27779_Obv1.jpg 025_BM27779_Rev1.jpg,514
YBC 11655,YBC 11655,Nippur,Bēl-eṭēri-Šamaš,,,,YBC 11655,broken,external,n/e,achaemenid,,,Cyr06-XIIb-15,normal,Receipt,Receipt of silver owed to Bēl-eṭēri-Šamaš,,"Jursa, M., 2005, „Das Archiv von Bēl-eṭēri-Šamaš“, in: H.D. Baker und M. Jursa, Approaching the Babylonian Economy. Proceedings of the START Project Symposium Held in Vienna, 1-3 July 2004. Veröffentlichungen zur Wirtschaftsgeschichte im 1. Jahrtausend v. Chr. (= AOAT 330), Münster: Ugarit-Verlag, 2005, 197-268. |",YBC%2011655%20obv.jpg YBC%2011655%20rev.jpg,532
YOS 7 189,YOS 7 189,Uruk,Eanna,,,,YBC 3773,Uruk,internal,Marduk-naṣir/Mandānu-ahhē-iddin/Šigûa,achaemenid,,,Cam06--II-07,normal,,Order to bring accused agents before court,,,YBC%203773%20obv.JPG,524
YOS 21 196,YOS 21 196,Uruk,Eanna,,,,NCBT 1153,broken,external,n/e,achaemenid,,,Bar0a-xx-06,normal,Work contract,Personenmiete; Contract for the hiring out of a female temple serf for the performance of ilku-service,,,NCBT%201153%20obv.JPG,522
BM 42568,BM 42568,Sippar,Bēl-rēmanni,,,,BM 42568,Babylon,internal,Rēmūt-Gula/Šumu-ukīn//Šangû-parakki,achaemenid,,,Dar08-IV-26,normal,Receipt,Repayment of a debt from prebendary income,,,2015-03-03%2011.17.27.jpg 2015-03-03%2011.17.57.jpg,514
YOS 21 198,YOS 21 198,Uruk,Eanna,,,,YBC 3984,n/a,internal,n/a,achaemenid,,,Bar01-V-21,normal,Account text,Inspection (amirtu) of ﬂocks of birds,,,YBC%203984%20obv.JPG YBC%203984%20rev.JPG,522
BM 95037,BM 95037,Borsippa,Ilia A,,,,BM 95137,n/a,internal,n/a,achaemenid,,,Dar06?-V-25,normal,Receipt,Receipt of barley for the preparation of kapru-offerings,,"Waerzeggers, C., The Ezida Temple of Borsippa. Priesthood, Cult, Archives. Leiden: Nederlands Instituut voor het Nabije Osten, 2010 (= Achaemenid History XV) |",023_BM95137_Obv1.jpg,516
BIN 1 174,BIN 1 174,Uruk,Eanna,,,,NBC 1215,n/a,internal,n/a,nb,,,Nbn14-IV-27,normal,Account text,Sale of sheep for barley and silver; lsit of recipients,,,NBC%201215%20obv%20b.JPG,542
AD -99B,AD -99B,Babylon,Esangila,Astronomical Diaries,,,BM 34701,Babylon,external,,peri_parthian,,100,SE 212,normal,Astronomical Diary,Mustering of troops,,,CIMG3679.JPG,
AD -144,AD -144,Babylon,Esangila,Astronomical Diaries,,,BM 34609 (+) 34788+,Babylon,external,Kamnaskires,peri_seleukid,,144,SE 167,normal,Astronomical Diary,Invasion of Babylonia by Elamites,,,AD%20-144%20_BM%2034609.jpg AD%20-144_%20BM%2034788_left%20low.jpg AD%20-144_BM%2034788_rev%20left.jpg,
BM 94836,BM 94836,Borsippa,Ahiya'ūtu,,,,BM 94836,Borsippa,internal,Iddin-Marduk/[x]//Ea-ibni(?),achaemenid,520,521,Dar[01?]-I-29,normal,Sale of a prebend,Sale of a brewer's prebend in Ezida,,"Waerzeggers, C., The Ezida Temple of Borsippa. Priesthood, Cult, Archives. Leiden: Nederlands Instituut voor het Nabije Osten, 2010 (= Achaemenid History XV) |",002_BM94836_Obv1.jpg 002_BM94836_Rev1.jpg 002_BM94836_Rev2.jpg,521
NBC 4782,NBC 4782,Nippur,Bēl-eṭēri-Šamaš,,,,NBC 4782,Nippur,internal,Arad-Ninurta/Ninurta-ahhē-iddin,achaemenid,,,Cyr08-V-15,normal,Receipt,Bēl-eṭēri-Šamaš pays barley share to a fermier of a royal domain,,"Jursa, M., 2005, „Das Archiv von Bēl-eṭēri-Šamaš“, in: H.D. Baker und M. Jursa, Approaching the Babylonian Economy. Proceedings of the START Project Symposium Held in Vienna, 1-3 July 2004. Veröffentlichungen zur Wirtschaftsgeschichte im 1. Jahrtausend v. Chr. (= AOAT 330), Münster: Ugarit-Verlag, 2005, 197-268. |",NBC%204782%20obv.jpg NBC%204782%20rev.jpg,531
GC 2 133,GC 2 133,Uruk,Eanna,,,,GCBC 572,Uruk,external,n/a,enb,,,Kan17-V-01,normal,Account text,Valuable objects (mainly of gold),,,GCBC%20572%20obv.JPG GCBC%20572%20LoE.JPG,631
YOS 6 238,YOS 6 238,Uruk,Eanna,,,,YBC 3787,Uruk,internal,Nādin/Nergal-ina-tēšî-ēṭir/Sîn-leqe-unnīnnī,nb,,,Nbn09-XII-16,normal,Promissory note,Debt of silver and payment modalities,,,YBC%203787%20obv%20a.JPG,546
AD -270B,AD -270B,Babylon,Esangila,Astronomical Diaries,,,BM 32490+,Babylon,external,,peri_seleukid,,271,SE 41,normal,Astronomical Diary,Cult acts (performance of rituals),,,AD%20-270B.jpg,
BM 94728,BM 94728,Borsippa,Ilia A,,,,BM 94728,Borsippa,internal,Nabû-aplu-iddin/Marduk-šumu-iddin//Šangû-Šamas,nb,,,Nbn19-IX-11,normal,Work contract,Supply of raw material for the fabrication of 30 vats of billatu-beer,,"Waerzeggers, C., The Ezida Temple of Borsippa. Priesthood, Cult, Archives. Leiden: Nederlands Instituut voor het Nabije Osten, 2010 (= Achaemenid History XV) |",009_BM94728_Obv1.jpg,545
YBC 11649,YBC 11649,Uruk,Eanna,,,,YBC 11649,Uruk,external,n/a,nb,,,Ner02-xx-15,normal,Account text,Issue of jewelry,,,YBC%2011649%20obv.JPG,558
BM 102313,BM 102313,Borsippa,Ilia A,,,,BM 102313,Borsippa,internal,Niqūdu/Marduk-šumu-iddin/Ša-nāšišu,nb,,,Cyr06-IX-11,normal,Lease contract,Lease of a prebend (nēreb Nabû) for share in income,,"Waerzeggers, C., The Ezida Temple of Borsippa. Priesthood, Cult, Archives. Leiden: Nederlands Instituut voor het Nabije Osten, 2010 (= Achaemenid History XV) |",015_BM102313_Obv1.jpg 015_BM102313_Obv2.jpg 015_BM102313_Rev1.jpg,550
BM 42609+,BM 42609+,Sippar,Bēl-rēmanni,,,,BM 42609+43783 (Duplicate BM 42434),,internal,,achaemenid,486,521,Darxx-VIII-20,normal,Promissory note,Debt of silver for interest and beer (in the context of prebendary service) -duplicate BM 42434,,,2015-03-03%2011.49.10.jpg 2015-03-03%2011.49.33.jpg 2015-03-03%2011.49.50.jpg,505
BE 9 1,BE 9 1,Nippur,Murašû,,,,CBS 5376,Nippur,internal,Nidinti-Enlil/Ninurta-iddin,achaemenid,,,Art01-VII-28,normal,Herd lease,Sheep and goats of the Persian noble Aršama leased out to a shepherd,,,CBS_05376_001.jpg CBS_05376_007.jpg CBS_05376_002.jpg,464
BM 79041,BM 79041,Sippar,Ebabbar,,,,BM 79041,,external,n/a,nb,,,Npl01-XII-07,normal,List,Dates rations (kurummatu) distributed to ikkarus,,Da Riva 2002: 64-65 |,IMG_0160.JPG IMG_0164.JPG IMG_0171.JPG IMG_0173.JPG IMG_0177.JPG,625
BM 85225,BM 85225,Borsippa,Ilia A,,,,BM 85225,Borsippa,internal,Nabû-balāssu-qibi/[x]//Šangû-Nabû,achaemenid,,,Dar 03-IV-11,normal,Sale of a prebend,(involuntary?) cession of a share in inherited prebends to a relative (against a substantial payment),,"Waerzeggers, C., The Ezida Temple of Borsippa. Priesthood, Cult, Archives. Leiden: Nederlands Instituut voor het Nabije Osten, 2010 (= Achaemenid History XV) |",021_BM85225_Obv1.JPG 021_BM85225_Rev1.JPG,519
NBC 6170,NBC 6170,Sippar,Maštuk (Ardia),,,,NBC 6170,Til-gubbi,internal,,achaemenid,,,Cam07,normal,Promissory note,U'iltu concerning dates (imittu) of a bīt suti; on the makkūr Bēl,,,NBC%206170%20obv.JPG NBC%206170%20rev%20a.JPG NBC%206170%20rev%20b.JPG,523
YOS 19 230,YOS 19 230,Uruk,Eanna,,,,NBC 4572,Uruk,external,n/a,nb,,,Nbn04-xx-xx,normal,Account text,Silver expended to acquire barley (rations),,,NBC%204572%20obv%20a.JPG,552
BM 50501,BM 50501,Sippar,Ebabbar,,,,BM 50501,,external,n/a,nb,,,Npl18-XII-20,normal,List,Sacrifices (three different sorts of cakes) for several deities,,Da Riva 2002: 287-288 |,IMG_0614.JPG IMG_0618.JPG IMG_0626.JPG,607
BM 42436,BM 42436,Sippar,Bēl-rēmanni,,,,BM 42436,,internal,Iddin-Nabû/Marduk-nāṣir/Šangû-Ištar-Bābili,achaemenid,,,Dar02-II-03,normal,Promissory note,4 kurru of dates owed by Bēl-rēmanni,,,2015-03-02%2012.51.04.jpg 2015-03-02%2012.52.27.jpg,520
BRM 2 46,BRM 2 46,Uruk,Rēš,,,,MLC 2146 (duplicate NCTU 22!),Uruk,internal,Anu-uballiṭ/Ina-qibit-Anu//Ekur-zakir,peri_seleukid,,,SE 155-XI-17,normal,Sale of a prebend,Sale of shares in ērib bītūtu-prebend,,Corò 2005: 170-172 |,MLC_2146_rev.jpg MLC_2146_obv.jpg,157
YBC 7407,YBC 7407,Uruk,Eanna,,,,YBC 7407,Uruk,internal,Zēr-Bābili/Arad-Nergal(?)//Itinnu,enb,,,Kan03-II-20,normal,Sale of fields and orchards,Donation of an orchard,,,YBC%207407%20obv.jpg,646
YOS 7 174,YOS 7 174,Uruk,Eanna,,,,YBC 3472,Naṣībāta,internal,Gimillu/Inanna-zēru-iddin,achaemenid,,,Cam04.IX.01,normal,Promissory note,Vats for brewing,,,YBC%203472%20obv.JPG,526
BRM 2 40,BRM 2 40,Uruk,Rēš,,,,MLC 2140 (duplicate NCTU 9),Uruk,internal,Anu-uballiṭ/Ina-qibit-Anu//Ekur-zakirIdat-Anu/Dumqi-Anu//Arad-Rēš,peri_seleukid,,,SE 150-VII-18,normal,Sale of a prebend,Sale of shares in ṭābihūtu-prebend,,Corò 2005: 311-313 |,MLC_2140_rev.jpg MLC_2140_rev_c.jpg,162
AD -134,AD -134,Babylon,Esangila,Astronomical Diaries,,,BM 34669+,Babylon,external,Bagayāša,peri_parthian,,135,SE 177,normal,Astronomical Diary,Announcement concerning the appointment of a high official,,,CIMG0247.JPG,
NBC 4664,NBC 4664,Nippur,Bēl-eṭēri-Šamaš,,,,NBC 4664,Nippur,internal,Iqīšāya/Ardia,achaemenid,,,Cyr01-XI-19,normal,Lease contract,Bēl-eṭēri-Šamaš rents out empty vats (for beer brewing?),,"Jursa, M., 2005, „Das Archiv von Bēl-eṭēri-Šamaš“, in: H.D. Baker und M. Jursa, Approaching the Babylonian Economy. Proceedings of the START Project Symposium Held in Vienna, 1-3 July 2004. Veröffentlichungen zur Wirtschaftsgeschichte im 1. Jahrtausend v. Chr. (= AOAT 330), Münster: Ugarit-Verlag, 2005, 197-268. |",NBC%204664%20LoE.jpg NBC%204664%20obv.jpg NBC%204664%20rev.jpg,537
AD -105A,AD -105A,Babylon,Esangila,Astronomical Diaries,,,BM 34937+,Babylon,external,,enb,,106,SE 206,normal,Astronomical Diary,Cultic proceedings (sacrifices) and temple renovations,,,-105A%20rev10.JPG -105A%20rev1.JPG,
NBC 6194,NBC 6194,Sippar,Maštuk (Ardia),,,,NBC 6194,Til-gubbi,internal,Mušēzib-Marduk/Nabû-ēṭir//Arad-Nergal,achaemenid,,,Kam06-X-13,normal,Promissory note,U'iltu concerning silver loaned at 20% interest,,,NBC%206194%20obv.JPG NBC%206194%20rev.JPG,522
YOS 21 207,YOS 21 207,,,,,,NCBT 364,,internal,,,,,,normal,,,,,NCBT%20364%20obv%20a.jpg NCBT%20364%20obv%20b.jpg NCBT%20364%20obv%20c.jpg NCBT%20364%20rev%20a.jpg NCBT%20364%20rev%20c.jpg,
NCBT 0083,NCBT 0083,Uruk,Eanna,,,,NCBT 83,Uruk,external,n/a,nb,,,Nbk32-VIII-28,normal,Account text,Fodder for oxen,,,NCBT%2083%20obv%20a.JPG,573
BM 102251,BM 102251,Borsippa,Ilia A,,,,BM 102251 (duplicate BM 94594),Borsippa,internal,Nabû-mukīn-šumi/[xx],nb,,,Nbk22-III-10,normal,Manumission,Manumission of a slave in exchange for labour service service (brewing) - duplicate to BM 94594,,"Waerzeggers, C., The Ezida Temple of Borsippa. Priesthood, Cult, Archives. Leiden: Nederlands Instituut voor het Nabije Osten, 2010 (= Achaemenid History XV) |",005_BM102251_Obv1.jpg 005_BM102251_Rev1.jpg,583
NBC 6178,NBC 6178,Sippar,Maštuk (Ardia),,,,NBC 6178,,internal,Hašdāya/Nabû-ahhē-bulliṭ//Adad-šamê,achaemenid,516,521,DarxxXII-24,normal,Receipt,Payment of silver to Ardia,,,NBC%206178%20obv%20a.JPG NBC%206178%20rev%20a.JPG NBC%206178%20rev%20b.JPG,519
BM 114742,BM 114742,Sippar,Ebabbar,,,,BM 114742,Borsippa,internal,Aplāya//Ša-nāšišu,nb,607,615,Npl11+-VI-08,normal,Promissory note,Dates (imittu) owed for fields of Šamaš in Borsippa,,Da Riva 2002: 119 |,IMG_0266.JPG IMG_0268.JPG IMG_0269.JPG IMG_0275.JPG,611
BM 42348,BM 42348,Sippar,Bēl-rēmanni,,,,BM 42348,,internal,Šūzubu/Zababa-ahu-iddin/Ile'i-Marduk,achaemenid,,,Dar34-IV-22,normal,Gift,Compensation for a wife's dowry divested by her husband,,,DSC_0058.JPG DSC_0059.JPG,488
YBC 11319,YBC 11319,Uruk,Eanna,,,,YBC 11319,Ālu-ša-Iṣṣūr-ša-Adad,internal,Šamaš-erība//Šangû-d.[x],nb,,,Ššu12-IX-19,normal,Promissory note,Loan of silver at interest,,,YBC%2011319%20obv.jpg YBC%2011319%20rev.jpg,656
BM 17310,BM 17310,,,,,,,,internal,,,,,,normal,,,,,IMG_1145.JPG,
YOS 19 37,YOS 19 37,Nippur,Bēl-eṭēri-Šamaš,,,,NBC 6171,Bīt-Abdā’,internal,Šumāya/Balāssu//Šangû-parakki,nb,,,Nbn15-xx-16,normal,Promissory note,Barley owed to Bēl-eṭēri-Šamaš,,"Jursa, M., 2005, „Das Archiv von Bēl-eṭēri-Šamaš“, in: H.D. Baker und M. Jursa, Approaching the Babylonian Economy. Proceedings of the START Project Symposium Held in Vienna, 1-3 July 2004. Veröffentlichungen zur Wirtschaftsgeschichte im 1. Jahrtausend v. Chr. (= AOAT 330), Münster: Ugarit-Verlag, 2005, 197-268. |",NBC%206171%20obv.jpg NBC%206171%20rev.jpg,541
YOS 21 218,YOS 21 218,Uruk,Eanna,,,,NCBT 850,n/a,internal,n/a,achaemenid,,,NbkIV01,normal,,rental payments of dates,,,NCBT%20850%20obv%20b.jpg NCBT%20850%20obv%20d.jpg,521
BM 50548,BM 50548,Sippar,Ebabbar,,,,BM 50548,,internal,Itti-Šamaš-balāṭu//Isinnāya,nb,,,Nbk04-V-12,normal,Jurisdiction,Bail protocol (guarantee against flight),,Da Riva 2002: 192 |,IMG_0112.JPG IMG_0126.JPG IMG_0113.JPG IMG_0136.JPG,601
BM 42368+,BM 42368+,Sippar,Bēl-rēmanni,,,,BM 42368+42608,,internal,Bēl-ēṭir/[x]-Nabû//Rab-[x],achaemenid,,,Dar26-VII-23,normal,Receipt,Partial payment of a debt by Bēl-rēmanni and an associate,,,2015-03-02%2010.51.58.jpg 2015-03-02%2010.53.26.jpg,496
AD -204C,AD -204C,Babylon,Esangila,Astronomical Diaries,,,BM 35424,Babylon,external,,peri_seleukid,,205,SE 107,normal,Astronomical Diary,"Cult acts (sacrifices, harû-ritual)",,,AD%20-204C.low.total.jpg,
BIN 1 159,BIN 1 159,Uruk,Eanna,,,,NBC 1197,n/a,internal,Nergal-ina-tēšî-ēṭir/Marduk-šākin-šumi//Sîn-leqe-unninnī,enb,,,Kan9,normal,Land register,Fields assigned to rab hanšês,,,NBC%201197%20obv%20a.jpg NBC%201197%20rev%20c.jpg,639
GC 1 52,GC 1 52,Uruk,Eanna,,,,GCBC 53,Uruk,external,n/a,nb,,,Nbk37-VI-29,normal,Account text,Receipt over neseppu-beer,,,GCBC%2053%20obv%20a.JPG,568
AD -366A,AD -366A,Babylon,Esangila,Astronomical Diaries,,,BM 32529,Babylon,external,,achaemenid,,367,ArtII38,normal,Astronomical Diary,Unrest in Upper Mesopotamia; Administrative measures,,,AD%20-366A_BM%2032529.jpg,
BRM 1 9,BRM 1 9,Uruk,Morgan' Archive,,,,MLC 1792,Uruk?,external,n/a,nb,,,Nabû-nāṣir07-IX-03,normal,Account text,Barley (nishu) given to institutional personnel,,,MLC%201792%20obv.JPG MLC%201792%20rev.JPG,741
NBC 4717,NBC 4717,Nippur,Bēl-eṭēri-Šamaš,,,,NBC 4717,Nippur,internal,Taqīš/Rībat,nb,,,Nbn14-III-25,normal,Business contract (harrānu),Entreprise in beer brewing by Bēl-eṭēri-Šamaš and a partner,,"Jursa, M., 2005, „Das Archiv von Bēl-eṭēri-Šamaš“, in: H.D. Baker und M. Jursa, Approaching the Babylonian Economy. Proceedings of the START Project Symposium Held in Vienna, 1-3 July 2004. Veröffentlichungen zur Wirtschaftsgeschichte im 1. Jahrtausend v. Chr. (= AOAT 330), Münster: Ugarit-Verlag, 2005, 197-268. |",NBC%204717%20obv%20a.jpg NBC%204717%20obv%20b.jpg NBC%204717%20obv%20c.jpg NBC%204717%20rev%20a.jpg NBC%204717%20rev%20b.jpg NBC%204717%20rev%20c.jpg,542
BM 51523,BM 51523,Sippar,Ebabbar,,,,BM 51523,omitted,external,[x/x]//Ileˀi-Marduk,nb,,,Npl[16]-VII-18,normal,Promissory note,Debt of dates from gardens in Dilbat to be paid in Babylon,,Da Riva 2002: 134-135 |,IMG_0145.JPG IMG_0149.JPG,610
AD -261B,AD -261B,Babylon,Esangila,Astronomical Diaries,,,BM 32245+,Babylon,external,,peri_seleukid,,262,SE 50,normal,Astronomical Diary,Local unrest,,,AD%20-261B.jpg,
NBC 6211,NBC 6211,Sippar,Maštuk (Ardia),,,,NBC 6211,Til-gubbi,internal,Mušēzib-Marduk/Nabû-ēṭir//Arad-Nergal,achaemenid,,,Cam06-X-29,normal,Promissory note,U'iltu concerning silver and barley at interest,,,NBC%206211%20obv%20a.JPG,524
NBC 6212,NBC 6212,Sippar,Maštuk (Ardia),,,,NBC 6212,Til-gubbi,internal,Mušēzib-Marduk/Nabû-ēṭir//Arad-Nergal,achaemenid,,,Cam08-I-10(?),normal,Promissory note,U'iltu concerning barley and dates,,,NBC%206212%20obv.JPG NBC%206212%20rev.JPG,522
NCBT 368,NCBT 368,Uruk,Eanna,,,,NCBT 368,Uruk,external,n/a,enb,,,Kan14-IV-09,normal,Account text,Gold from a censer used for a kallu and kittu-bowls,,"Payne, Thesis: 68 |",NCBT%20368%20obv.JPG,635
YOS 21 197,YOS 21 197,Uruk,Eanna,,,,YBC 3846,n/a,internal,n/a,achaemenid,,,Bar01-III,normal,Account text,Sesame allotted to bakers for the preparation of offerings (ana maššarti),,,YBC%203846%20obv.JPG YBC%203846%20rev.JPG,522
YOS 19 32,YOS 19 32,Nippur,Bēl-eṭēri-Šamaš,,,,NBC 6232,Ṣīdānu,internal,Bēl-ēṭir/[..]-Marduk//Ir’anni,nb,,,Nbn09-XII-21,normal,Promissory note,Debt of barley,,"Jursa, M., 2005, „Das Archiv von Bēl-eṭēri-Šamaš“, in: H.D. Baker und M. Jursa, Approaching the Babylonian Economy. Proceedings of the START Project Symposium Held in Vienna, 1-3 July 2004. Veröffentlichungen zur Wirtschaftsgeschichte im 1. Jahrtausend v. Chr. (= AOAT 330), Münster: Ugarit-Verlag, 2005, 197-268. |",NBC%206232%20obv.JPG NBC%206232%20rev.JPG,546
BRM 1 21,BRM 1 21,Uruk,Morgan' Archive,,,,MLC 1804,Uruk?,external,n/a,enb,734,747,Nabû-nāṣirxx-III-10,normal,Account text,Wool sold for silver,,,MLC%201804%20obv.jpg MLC%201804%20rev.jpg,740
BRM 1 20,BRM 1 20,Uruk,Morgan' Archive,,,,MLC 1803,Uruk?,external,n/a,enb,,,Nabû-nāṣir14-X-17,normal,Account text,Sale of barley for silver,,,MLC%201803%20obv.JPG MLC%201803%20rev.JPG,734
BM 42362+,BM 42362+,Sippar,Bēl-rēmanni,,,,BM 42362+42485,,internal,Bēl-ušallim/Šulāya//Nappāhu,achaemenid,,,Dar18-VI-23,normal,Work contract,Tilling of land on a field heald in lease by Bēl-rēmanni,,,DSC_0067.JPG DSC_0066.JPG,504
NBC 4503,NBC 4503,Uruk,Eanna,,,,NBC 4503,Uruk,external,n/a,nb,,,Ner03-IX-11,normal,Account text,Golden paraphernalia,,,NBC%204503%20obv%20a.JPG,557
BE 10 95,BE 10 95,Nippur,Murašû,,,,CBS 5221,Nippur,internal,Ninurta-abu-uṣur/Enlil-šumu-iddin,achaemenid,,,DarII04-XII-03,normal,Receipt,Barley paid as rent (sūtu) for orchards of teh crown prince's estate by Rēmūt-Ninurta//Murašû,,,CBS_05221_001.jpg CBS_05221_004.jpg,420
NBC 6228,NBC 6228,Sippar,Maštuk (Ardia),,,,NBC 6228,,internal,Gimil-Šamaš/Rēmūt-Bēl//Šumu-libši,achaemenid,516,521,Darxx-XII-25,normal,Promissory note,U'iltu concerning dates with bīt qašti given as security; incurred because of silver paid for work in Elam,,,NBC%206228%20obv.JPG NBC%206228%20rev%20a.JPG NBC%206228%20rev%20b.JPG,519
NCBT 511,NCBT 511,Uruk,Eanna,,,,NCBT 511,Uruk,external,n/a,enb,,,6 ina ēdil bābi,normal,Account text,Gold from breast ornament of Bēltu-ša-Rēš received by the temple,,"Beaulieu, BaM 28 (1997) |",NCBT%20511%20obv.JPG,621
JCS 36 15,JCS 36 15,Uruk,Eanna,,,,YBC 4121,Uruk,internal,Eanna-šadûnu/Marduk-nāṣir,enb,,,Kan11-VI-22,normal,Promissory note,Silver owed to the temple,,,YBC%204121%20obv.jpg YBC%204121%20rev.jpg,638
YOS 19 252,YOS 19 252,Sippar,Maštuk (Ardia),,,,NBC 6187,n/a,internal,n/a,nb,,,Nbn16-I-02,normal,Receipt,Receipt of silver in connection with urāšu tax,,,NBC%206187%20obv.JPG NBC%206187%20rev.JPG,540
NBC 6114,NBC 6114,Nippur,Bēl-eṭēri-Šamaš,,,,NBC 6114,Nippur,internal,Iddin-Enlil/Enlil-zēru-ibni,achaemenid,,,Cyr09-III-04,normal,Rental agreement (fields/orchards),Date orchard leased ana ēpišānuti; witnessed i.a. by Bēl-eṭēri-Šamaš,,"Jursa, M., 2005, „Das Archiv von Bēl-eṭēri-Šamaš“, in: H.D. Baker und M. Jursa, Approaching the Babylonian Economy. Proceedings of the START Project Symposium Held in Vienna, 1-3 July 2004. Veröffentlichungen zur Wirtschaftsgeschichte im 1. Jahrtausend v. Chr. (= AOAT 330), Münster: Ugarit-Verlag, 2005, 197-268. |",NBC%206114%20LoE.jpg NBC%206114%20obv%20a.jpg NBC%206114%20obv%20b.jpg NBC%206114%20rev%20a.jpg NBC%206114%20rev%20b.jpg NBC%206114%20LeE.jpg,530
YBC 3765,YBC 3765,Babylon,,,,,YBC 3765,Babylon,internal,Marduk-šākin-zēri/Bēlšunu,nb,,,Ner0a-V-21,normal,Business contract (harrānu),Silver loan given out by a ša rēš šarri,,,YBC%203765%20obv.JPG,560
YOS 7 154,YOS 7 154,Uruk,Eanna,,,,YBC 3770,Uruk,internal,Nabû-mukīn-apli/Marduk-šumu-iddin//Balāṭu,achaemenid,,,Cam03.VIII.12,normal,Administration: personnel,Recruitment of archers,,,YBC%203770%20obv.JPG,527
YOS 19 256,YOS 19 256,Uruk,Eanna,,,,NBC 4505,Uruk,external,n/a,nb,,,Nbn04-IV-17,normal,Account text,Income in and expenses of silver and gold,,,NBC%204505%20obv%20a.JPG NBC%204505%20rev%20a.JPG,552
NCBT 519,NCBT 519,Larsa,,,,,NCBT 519,Larsa,internal,Šamaš-šumu-uṣur/Šil[lāya?],nb,,,Nbk18-XII-14,normal,Receipt,Repayment (in barley) of a debt stipualted in dates,,,NCBT%20519%20obv.JPG NCBT%20519%20rev.JPG,586
BM 50609,BM 50609,Sippar,Ebabbar,,,,BM 50609,,external,n/a,nb,,,Sîn-šar-iškun03-I-10,normal,Account text,Inspection of sheep: total of 2064(+) sheep of 20 herdsmen.,,Da Riva 2002: 210-211 |,IMG_0587.JPG IMG_0593.JPG,624
AD -96A,AD -96A,Babylon,Esangila,Astronomical Diaries,,,BM 32890,Babylon,external,,peri_parthian,,96,SE 215,normal,Astronomical Diary,Elusive event involving the Urukeans,,,CIMG3282.JPG,
NBC 4781,NBC 4781,Nippur,Bēl-eṭēri-Šamaš,,,,NBC 4781,Nippur,internal,Ahu-ittabši/Līšir,achaemenid,,,Cyr05-III-14,normal,Receipt,Barley (zitti eqli) paid by Bēl-eṭēri-Šamaš via an agent,,"Jursa, M., 2005, ""Das Archiv von Bēl-eṭēri-Šamaš"", in: H.D. Baker und M. Jursa, Approaching the Babylonian Economy. Proceedings of the START Project Symposium Held in Vienna, 1-3 July 2004. Veröffentlichungen zur Wirtschaftsgeschichte im 1. Jahrtausend v. Chr. (= AOAT 330), Münster: Ugarit-Verlag, 2005, 197-268. |",NBC%204781%20LoE.jpg NBC%204781%20obv%20b.jpg NBC%204781%20obv%20c.jpg NBC%204781%20rev%20a.jpg NBC%204781%20rev%20b.JPG NBC%204781%20rev%20c.JPG NBC%204781%20UE.JPG,534
BRM 1 17,BRM 1 17,Uruk,Morgan' Archive,,,,MLC 1800,Uruk?,external,n/a,enb,,,Nabû-nāṣir(09?)-xx-xx,normal,Account text,Ration list (unknown commodity),,,MLC%201800%20obv.JPG MLC%201800%20rev.JPG,739
BRM 1 16,BRM 1 16,Uruk,Morgan' Archive,,,,MLC 1799,Uruk?,external,n/a,enb,,,Nabû-nāṣir09-xx-xx,normal,Account text,Issue of oil,,,MLC%201799%20obv.jpg MLC%201799%20rev.jpg,739
YNER 1 7,YNER 1 7,Uruk,Eanna,,,,YBC 3800,Uruk,internal,Arad-Marduk/Marduk-šumu-iddin//Bēl-apla-uṣur,achaemenid,,,Dar0a-XIIb-10,normal,Promissory note,Specifying delivery date for gold belonging to Bēlet-Uruk,,,YBC%203800%20obv.JPG,521
BRM 1 14,BRM 1 14,Uruk,Morgan' Archive,,,,MLC 1797,Uruk?,external,n/a,enb,,,Nabû-nāṣir08-XI-26,normal,Account text,Issue of old dates,,,MLC%201797%20obv.jpg,740
YNER 1 5,YNER 1 5,Larsa,Itti-Šamaš-balāṭu,,,,YBC 3544,Larsa,internal,Ea-uballiṭ-šarri/Nabû-bēlšunu,nb,,,Ner03-VI-06,normal,Jurisdiction,Witnessed statement concerning barley,,,YBC%203544%20rev%20a.JPG,557
BM 42299,BM 42299,Sippar,Bēl-rēmanni,,,,BM 42299,,external,Bēl-uballiṭ/Līšir/Šangû-Ištar-Bābili,achaemenid,486,521,Darxx-VII-12,normal,Jurisdiction,Dispute concerning a baker's prebend,,,DSC_0197.JPG 20150303_105905.jpg,505
NBC 6229,NBC 6229,Nippur,Bēl-eṭēri-Šamaš,,,,NBC 6229,Nippur,internal,Ahu-ittabši/Līšir,achaemenid,,,Cyr05-V-10,normal,Lease contract,Bēl-eṭēri-Šamaš rents out a plough animal (cow),,"Jursa, M., 2005, „Das Archiv von Bēl-eṭēri-Šamaš“, in: H.D. Baker und M. Jursa, Approaching the Babylonian Economy. Proceedings of the START Project Symposium Held in Vienna, 1-3 July 2004. Veröffentlichungen zur Wirtschaftsgeschichte im 1. Jahrtausend v. Chr. (= AOAT 330), Münster: Ugarit-Verlag, 2005, 197-268. |",NBC%206229%20obv.JPG NBC%206229%20rev.JPG,534
YNER 1 2,YNER 1 2,Uruk,Eanna,,,,YBC 3804,Uruk,external,Itti-Marduk-balāṭu/Nabû-mukīn-apli//DabibiGimillu,achaemenid,,,Dar02-IV-12,normal,Jurisdiction,"Oath to deliver dates, sūtu of the king",,,YBC%203804%20obv%20a.JPG,520
YNER 1 1,YNER 1 1,Uruk,Eanna,,,,YBC 3499,Uruk,internal,n/a,achaemenid,,,Cyr04-xx-28,normal,Decree,Craftmen's Charter'; oath of craftsmen,,,YBC%203499%20LoE%20a.JPG YBC%203499%20LoE%20b.JPG YBC%203499%20rev%20a.JPG YBC%203499%20rev%20b.JPG,535
YOS 17 290,YOS 17 290,Uruk,Eanna,,,,YBC 4050,Bāb Asurrītu,internal,n/a,achaemenid,,,NbkIV01-VI-03,normal,Promissory note,Dates outstanding (imittu) on fields of Bēlet-ša-Uruk and Nanaya,,,YBC%204050%20obv.jpg YBC%204050%20rev.jpg,521
YOS 7 102,YOS 7 102,Uruk,Eanna,,,,YBC 9088,Uruk,internal,Marduk-nāṣir/Dayyān-ahhē-iddin//Šigûa,achaemenid,,,Cam01-XII-15,normal,Jurisdiction,Bail protocol,,,YBC%209088%20obv%20c.JPG YBC%209088%20rev%20a.JPG,528
YOS 7 92,YOS 7 92,Uruk,Eanna,,,,YBC 9089,Uruk,internal,Gimillu/Innin-zēru-iddin,achaemenid,,,Cyr06.III.11,normal,Jurisdiction,Ban to meet an aunt (a zakītu),,,YBC%209089%20obv.JPG,533
NCBT 234,NCBT 234,Uruk,Eanna,,,,NCBT 234,(Uruk?),,n/e,nb,,,Nbk42-VI-20,normal,Account text,Sheep designated as temple income (erbu),,"Kozuh 2014, text 33 |",NCBT_234-obverse.jpg,563
YBC 9196,YBC 9196,Uruk,Eanna,,,,YBC 9196,(Uruk),,n/a,nb,,,Nbk22-II-20,normal,Herd lease,Herd inscpection,,"Kozuh 2014, text 24 |",YBC_9196-obv-left.jpg,583
YBC 9285,YBC 9285,Uruk,Eanna,,,,YBC 9285,(Uruk),,n/a,nb,,,Nbk20-VII-22,normal,Account text,Barley and dates for offerings,,,YBC%209285%20obv%20a.JPG,585
YOS 17 203,YOS 17 203,Uruk,Eanna,,,,YBC 9288,(Uruk),external,n/a,nb,,,Nbk18-IX-09,normal,Account text,Silver for wages,,,YBC%209288%20obv%20a.JPG,587
YBC 9297,YBC 9297,Uruk,Eanna,,,,YBC 9297,(Uruk),external,n/a,nb,,,Nbk23-VII-14,normal,Receipt,Sheep for offerings for the king,,,YBC%209297%20obv%20b.JPG,582
YBC 9304,YBC 9304,Uruk,Eanna,,,,YBC 9304,Uruk,internal,Šamaš-šumu-ukīn/Nabû-šumu-iddin,nb,,,Nbk33-VI-26,normal,Jurisdiction,Bail protocol,,,YBC%209304%20obv%20a.JPG,572
YOS 17 306,YOS 17 306,Uruk,Eanna,,,,YBC 9287,(Uruk),external,n/a,nb,,,Nbk03-X-25,normal,Receipt,Receipt for barley,,,YBC%209287%20obv%20a.JPG YBC%209287%20rev%20a.JPG,602
YBC 9339,YBC 9339,Borsippa,Ea-ilūtu-bāni,,,,YBC 9339,(Borsippa),external,n/a,nb,,,Nbk18-VII-05,normal,Account text,Concerning manufacture of bricks,,,YBC%209339%20obv%20a.JPG,587
YOS 17 232,YOS 17 232,Uruk,Eanna,,,,YBC 9340,(Uruk),external,n/a,nb,,,Nbk16-XII-18,normal,Account text,Delivery of (a remainder of) silver for making of bricks,,,YBC%209340%20obv.JPG YBC%209340%20LoE.JPG,589
YBC 9341,YBC 9341,Uruk,Eanna,,,,YBC 9341,(Uruk),external,n/a,nb,,,nn23.III.09,normal,Account text,Barley for bird food,,,YBC%209341%20obv.JPG YBC%209341%20LoE.JPG,582
BM 26176,BM 26176,,,,,,,,,,,,,,normal,,,,,030_BM26716_Obv1.jpg 030_BM26716_Rev1.jpg,
BM 82808,BM 82808,,,,,,,,,,,,,,normal,,,,,031_BM82808_Obv1.JPG,
YBC 9448,YBC 9448,,Eanna,,,,YBC 9448,Til-Agurrēti (šīhu ša Bēltu-ša-Uruk),,Balāṭu/Ibni-Ištar,nb,,,Nbk31-X-22,normal,Rental agreement (fields/orchards),Dialogue contract concerning agricultural land; details broken,,"Janković, WZKM 97 (2007) |",YBC%209448%20rev%20a.JPG YBC%209448%20obv.JPG,573
BM 114803,BM 114803,Sippar,Ebabbar,,,,BM 114803,,internal,[new scrErība-Marduk/Marduk-zēru-ibni//Šangû-Ištar-Bābiliibe],nb,,,x.x.5 Nbk,normal,,"Šamaš-aḫu-x/Nādin//Gallābu will bring his witness in Šabāṭu. otherwise, he will pay 49 kor of mastered (kasû)",,Da Riva 2002: 93f. |,IMG_0346.JPG IMG_0345.JPG IMG_0343.JPG IMG_0342.JPG IMG_0341.JPG IMG_0356.JPG IMG_0350.JPG IMG_0349.JPG,600
YOS 17 273,YOS 17 273,Borsippa,Ea-ilūtu-bāni,,,,YBC 9462,(Borsippa),external,n/a,nb,,,Nbk16-I-22,normal,Account text,Concerning delivery of bricks,,,YBC%209462%20UE.JPG YBC%209462%20rev%20b.JPG YBC%209462%20LoE%20b.JPG,589
YOS 6 155,YOS 6 155,Uruk,Eanna,,,,YBC 4019,Uruk,,Nādinu/Bēl-ahhē-iqīša//Egibi,nb,,,Nbn12-IX-30,normal,Herd lease,Sheeps and goats of Eanna leased to shepherd,,Kozuh 2014: 70-71 |,DSC02068.JPG,544
BM 17699,BM 17699,Borsippa,Ilia A,,,,BM 17699,Borsippa,external,n/a,achaemenid,,,Dar16-II-11,normal,,5 kor dates as compensation payment for barley beer,,"Waerzeggers, C., The Ezida Temple of Borsippa. Priesthood, Cult, Archives. Leiden: Nederlands Instituut voor het Nabije Osten, 2010 (= Achaemenid History XV) |",034_BM17699_Obv1.JPG 034_BM17699_Obv2.JPG,506
BM 114801,BM 114801,,,,,,BM 114801,,,,nb,,,02.02.14 Npl,normal,Receipt,Barley brought by the ploughmen of Sippar in 13 Npl (some was given in Babylon).,,Da Riva 2002: 131f. |,IMG_0324.JPG IMG_0323.JPG IMG_0321.JPG IMG_0332.JPG,611
BM 114746,BM 114746,Sippar,Ebabbar,,,,BM 114746,,,,enb,,,,normal,Land register,"a list of field, owners, and measurements",,Da Riva 2002: 155 |,IMG_0288.JPG IMG_0293.JPG,
BM 49950,BM 49950,,,,,,BM 49950,,,,nb,,,,normal,Land register,"a list of field, owners, and measurements",,Da Riva 2002: 154f. |,IMG_0046.JPG IMG_0051.JPG,
BM 114781,BM 114781,Sippar,Ebabbar,,,,BM 114781,Sippar,,Rēmū-Nabû/Bēl-eṭēri,nb,,,21.02.20 Npl,normal,Rental agreement (fields/orchards),"The qīpu, šangû, and a PN gave a field of Šamaš in pihat Bābili to be planted with dates for 10 years.",,,IMG_0782.JPG,605
BM 17304,BM 17304,Babylon,Esangila,,,,BM 17304,(Babylon),,n/a,achaemenid,,,ArtII31-XI-15,normal,Receipt,One horse given as tithe to Bēl,,"Hackl 2013 (Diss), text 45 |",BM%2017304%20Detail%20IV.JPG BM%2017304%20Vs.JPG,373
CT 44 81,CT 44 81,Borsippa,,,,,BM 78268,Borsippa,,Lābâši/Balāṭu,achaemenid,,,ArtII26-III-14,normal,Receipt,House rent,,"Hackl 2013 (Diss), text 43 |",DSCN7310.JPG DSCN7322.JPG,379
BM 78978,BM 78978,Babylon,Esangila,,,,BM 78978,(Babylon),external,Nabû-mukīn-apli/Tabnêa,achaemenid,,,ArtII34-VIII-30,normal,Promissory note,"Barley and silver, property of Bēl",,"Hackl 2013 (Diss), text 48 |",BM%2078978%20Vs%20II.JPG BM%2078978%20Vs%20III.JPG BM%2078978%20Detail%20III.JPG,371
BM 95512,BM 95512,Babylon,Esangila,,,,BM 95512,(Babylon),external,n/a,achaemenid,,,ArtII32-IX-07,normal,Receipt,"Small cattle, property of Bēl, given out to two individuals",,,IMG_1419.JPG IMG_1421.JPG IMG_1432.JPG,373
BM 95597,BM 95597,Babylon,Esangila,,,,BM 95597,(Babylon),external,n/a,peri_seleukid,,,Art33,normal,Letter order,Disbursal of rations,,,BM%2095597%20Vs%20III.JPG,372
BM 87240,BM 87240,Babylon,Esangila,,,,BM 87240,Babylon,internal,n/a,achaemenid,,,ArtII40-VII-07,normal,Receipt,Receipt of rent in silver for lands (property of Bēl) leased out,,"Hackl 2013 (Diss), text 54 |",IMG_0520.JPG IMG_0535.JPG,365
BM 87249,BM 87249,Babylon,Esangila,,,,BM 87249,(Babylon),external,n/a,achaemenid,,,ArtII10-xx-xx,normal,Receipt,Payment to Bēl and Bēltiya ana bulṭi napšāti,,"Hackl 2013 (Diss), text 60 |",IMG_6918.JPG,395
BM 87250,BM 87250,Babylon,,,,,BM 87250,(Babylon),external,[Bēl-rē'û]šunu/Bēl-bullissu,achaemenid,,,ArtIII01-I-10,normal,Receipt,Partial repayment of a debt note,,"Hackl 2013 (Diss), text 56 |",DSCN4107.JPG,358
BM 87285,BM 87285,Babylon,Esangila,,,,BM 87285,(Babylon),external,n/a,achaemenid,,,ArtII40,normal,Letter order,Concerning payment in wool,,,IMG_1397.JPG,365
YBC 9471,YBC 9471,Uruk,Eanna,,,,YBC 9471,(Uruk),external,n/a,nb,,,Nbk24-VIII-02,normal,Account text,Issues of honey and nāšu-beer for cultic festivals,,,YBC%209471%20obv.JPG,581
YBC 9472,YBC 9472,Uruk,Eanna,,,,YBC 9472,(Uruk),external,n/a,nb,,,Nbk13-IV-12,normal,Receipt,Carcass of a sheep,,,YBC%209472%20obv.JPG,592
YOS 17 210,YOS 17 210,Uruk,Eanna,,,,YBC 9474,(Uruk),external,n/a,nb,,,Nbk22-XI-04,normal,Receipt,"Silver for blue wool, which is now at disposal at PN for work",,,YBC%209474%20obv.JPG,582
BM 87266,BM 87266,Babylon,Esangila,,,,BM 87266,Babylon,external,Bēl-lūmur/Nabû-ittannu,achaemenid,375,385,ArtII20+-VIII,normal,Lease (urban real estate),"Rent of two wings of a house, with obligation to carry out repair works",,"hackl 2013 (Diss), text 69 |",IMG_0566.JPG,380
BM 78425,BM 78425,Babylon,Esangila,,,,BM 78425,(Babylon),external,n/a,achaemenid,,,ArtII11-III-19,normal,Gift,Donation of precious objects and a horse as tithe to Bēl (ana bulṭi napšāti),,,P3081106.JPG P3081108.JPG,394
CT 44 79,CT 44 79,Babylon,Esangila,,,,BM 78256,(Babylon),external,n/a,achaemenid,,,ArtII16,normal,Land register,"Register of fields, tenants and rents due",,"Hackl 2013 (Diss), text 64 |",DSCN4621.JPG DSCN4622.JPG DSCN4627.JPG,389
